PlayerID,Name,Team,Week,pass_yds,rush_yds,recv_yds,tds,fumbles,total_yards,efficiency
25069,Bo Nix,DEN,7,428.5,73.7,0.0,4.7,0.0,502.2,0.009340222575516694
23200,Jahmyr Gibbs,DET,7,0.0,208.9,126.0,4.7,0.0,334.9,0.01399225960107175
18877,Christian McCaffrey,SF,7,0.0,198.1,110.6,4.7,0.0,308.7,0.01517597675169519
21682,Jonathan Taylor,IND,7,0.0,144.4,58.4,7.1,0.0,202.8,0.03483807654563297
26082,Jaxson Dart,NYG,7,434.7,16.9,0.0,2.4,0.0,451.59999999999997,0.005302695536897923
21681,Justin Herbert,LAC,7,645.1,47.6,0.0,0.0,0.0,692.7,0.0
9038,Matthew Stafford,LAR,7,279.6,2.4,0.0,0.0,0.0,282.0,0.0
25946,Quinshon Judkins,CLE,7,0.0,129.0,0.0,7.1,0.0,129.0,0.054615384615384614
18890,Patrick Mahomes,KC,7,439.3,43.0,0.0,0.0,0.0,482.3,0.0
611,Joe Flacco,CIN,7,525.3,7.1,0.0,0.0,0.0,532.4,0.0
21687,DeVonta Smith,PHI,7,0.0,0.0,281.1,2.4,0.0,281.1,0.008507621410847216
21042,A.J. Brown,PHI,7,0.0,0.0,185.9,4.7,0.0,185.9,0.02514713750668807
21831,Jalen Hurts,PHI,7,500.7,-15.4,0.0,0.0,0.0,485.3,0.0
18055,Dak Prescott,DAL,7,405.5,10.8,0.0,0.0,0.0,416.3,0.0
22507,Pat Freiermuth,PIT,7,0.0,0.0,170.5,4.7,0.0,170.5,0.02740524781341108
24958,Drake Maye,NE,7,341.0,95.2,0.0,0.0,0.0,436.2,0.0
2593,Aaron Rodgers,PIT,7,382.5,14.2,0.0,0.0,0.0,396.7,0.0
25876,Oronde Gadsden,LAC,7,0.0,0.0,251.9,2.4,0.0,251.9,0.00948991696322657
20841,Daniel Jones,IND,7,442.4,10.8,0.0,0.0,0.0,453.2,0.0
22564,Ja'Marr Chase,CIN,7,0.0,0.0,247.3,2.4,0.0,247.3,0.009665726943213854
22695,Micah Parsons,GB,7,0.0,0.0,0.0,0.0,0.0,0.0,0.0
22565,Chris Olave,NO,7,0.0,0.0,150.5,4.7,0.0,150.5,0.031023102310231025
16470,Davante Adams,LAR,7,0.0,0.0,53.8,7.1,0.0,53.8,0.12956204379562045
24087,Will Anderson Jr.,HOU,7,0.0,0.0,0.0,2.4,0.0,0.0,2.4
21684,D'Andre Swift,CHI,7,0.0,190.5,21.5,2.4,0.0,212.0,0.011267605633802816
21888,K'Lavon Chaisson,NE,7,0.0,0.0,0.0,2.4,0.0,0.0,2.4
18018,Jacoby Brissett,ARI,7,428.5,39.9,0.0,0.0,2.4,468.4,0.0
23251,Trey McBride,ARI,7,0.0,0.0,113.7,4.7,0.0,113.7,0.04097646033129904
23157,Jaxon Smith-Njigba,SEA,7,0.0,0.0,188.9,2.4,0.0,188.9,0.01263823064770932
25113,Will Reichard,MIN,7,0.0,0.0,0.0,0.0,0.0,0.0,0.0
15076,Keenan Allen,LAC,7,0.0,0.0,182.8,2.4,0.0,182.8,0.013057671381936886
22558,Javonte Williams,DAL,7,0.0,178.2,4.7,2.4,0.0,182.89999999999998,0.013050570962479609
20824,Josh Jacobs,GB,7,0.0,84.5,7.1,4.7,0.0,91.6,0.05075593952483802
23235,Jayden Daniels,WAS,7,239.6,53.8,0.0,2.4,2.4,293.4,0.008152173913043478
22490,Trevor Lawrence,JAX,7,454.7,27.6,0.0,0.0,0.0,482.3,0.0
23173,Zach Charbonnet,SEA,7,0.0,75.3,14.2,4.7,0.0,89.5,0.051933701657458566
21679,CeeDee Lamb,DAL,7,0.0,0.0,169.0,2.4,0.0,169.0,0.014117647058823528
19836,Tremaine Edmunds,CHI,7,0.0,0.0,0.0,0.0,0.0,0.0,0.0
17933,DeForest Buckner,IND,7,0.0,0.0,0.0,0.0,0.0,0.0,0.0
22804,Jamien Sherwood,NYJ,7,0.0,0.0,0.0,0.0,0.0,0.0,0.0
25143,Tykee Smith,TB,7,0.0,0.0,0.0,0.0,0.0,0.0,0.0
24120,Rashee Rice,KC,7,0.0,0.0,64.5,4.7,0.0,64.5,0.0717557251908397
26056,Travis Hunter,JAX,7,0.0,0.0,155.1,2.4,0.0,155.1,0.015374759769378604
22085,Derrick Brown,CAR,7,0.0,0.0,0.0,0.0,0.0,0.0,0.0
23605,DaRon Bland,DAL,7,0.0,0.0,0.0,2.4,0.0,0.0,2.4
24902,Brandon Aubrey,DAL,7,0.0,0.0,0.0,0.0,0.0,0.0,0.0
23479,Jaylen Warren,PIT,7,0.0,195.1,47.6,0.0,0.0,242.7,0.0
21690,Tee Higgins,CIN,7,0.0,0.0,147.5,2.4,0.0,147.5,0.01616161616161616
25952,Kyle Monangai,CHI,7,0.0,124.4,20.0,2.4,0.0,144.4,0.016506189821182942
21052,Brian Burns,NYG,7,0.0,0.0,0.0,0.0,0.0,0.0,0.0
25887,Cam Skattebo,NYG,7,0.0,92.2,52.2,2.4,0.0,144.4,0.016506189821182942
23559,Quentin Lake,LAR,7,0.0,0.0,0.0,0.0,0.0,0.0,0.0
25003,Xavier Legette,CAR,7,0.0,0.0,141.3,2.4,0.0,141.3,0.016865776528460996
23189,Bijan Robinson,ATL,7,0.0,61.4,79.9,2.4,0.0,141.3,0.016865776528460996
24268,SirVocea Dennis,TB,7,0.0,0.0,0.0,0.0,0.0,0.0,0.0
23444,Quay Walker,GB,7,0.0,0.0,0.0,0.0,0.0,0.0,0.0
22908,Evan McPherson,CIN,7,0.0,0.0,0.0,0.0,0.0,0.0,0.0
23138,Jake Ferguson,DAL,7,0.0,0.0,44.5,4.7,0.0,44.5,0.1032967032967033
22546,Rhamondre Stevenson,NE,7,0.0,135.2,0.0,2.4,0.0,135.2,0.01762114537444934
23485,Daniel Bellinger,NYG,7,0.0,0.0,135.2,2.4,0.0,135.2,0.01762114537444934
22587,Amon-Ra St. Brown,DET,7,0.0,0.0,132.1,2.4,0.0,132.1,0.018031555221637866
24423,Jake Moody,CHI,7,0.0,0.0,0.0,0.0,0.0,0.0,0.0
21744,Michael Pittman Jr.,IND,7,0.0,0.0,89.1,2.4,0.0,89.1,0.02663706992230855
23239,C.J. Stroud,HOU,7,351.7,38.4,0.0,0.0,0.0,390.09999999999997,0.0
18130,Elandon Roberts,LV,7,0.0,0.0,0.0,0.0,0.0,0.0,0.0
26049,Shemar James,DAL,7,0.0,0.0,0.0,0.0,0.0,0.0,0.0
21841,Jordan Love,GB,7,274.9,33.8,0.0,0.0,0.0,308.7,0.0
24646,Ty Okada,SEA,7,0.0,0.0,0.0,0.0,0.0,0.0,0.0
20956,Montez Sweat,CHI,7,0.0,0.0,0.0,0.0,0.0,0.0,0.0
20981,Devin White,LV,7,0.0,0.0,0.0,0.0,0.0,0.0,0.0
25987,Chimere Dike,TEN,7,0.0,-1.5,107.5,2.4,0.0,106.0,0.022429906542056073
25874,Tyler Warren,IND,7,0.0,0.0,106.0,2.4,0.0,106.0,0.022429906542056073
23162,Jordan Addison,MIN,7,0.0,0.0,196.6,0.0,0.0,196.6,0.0
23142,Theo Johnson,NYG,7,0.0,0.0,101.4,2.4,0.0,101.4,0.023437499999999997
22731,Tyson Campbell,CLE,7,0.0,0.0,0.0,2.4,0.0,0.0,2.4
25160,Jalyx Hunt,PHI,7,0.0,0.0,0.0,2.4,0.0,0.0,2.4
24963,Kamari Lassiter,HOU,7,0.0,0.0,0.0,0.0,0.0,0.0,0.0
22865,Ernest Jones IV,SEA,7,0.0,0.0,0.0,0.0,0.0,0.0,0.0
16194,Jadeveon Clowney,DAL,7,0.0,0.0,0.0,0.0,0.0,0.0,0.0
23242,Michael Penix Jr.,ATL,7,370.2,14.2,0.0,0.0,2.4,384.4,0.0
22377,Bryce Huff,SF,7,0.0,0.0,0.0,0.0,0.0,0.0,0.0
21921,Jeremy Chinn,LV,7,0.0,0.0,0.0,0.0,0.0,0.0,0.0
24277,Yaya Diaby,TB,7,0.0,0.0,0.0,0.0,0.0,0.0,0.0
24118,Tucker Kraft,GB,7,0.0,0.0,89.1,2.4,0.0,89.1,0.02663706992230855
25934,Tez Johnson,TB,7,0.0,0.0,89.1,2.4,0.0,89.1,0.02663706992230855
23364,Jordan Mason,MIN,7,0.0,87.6,0.0,2.4,0.0,87.6,0.02708803611738149
21985,Kenneth Murray Jr.,DAL,7,0.0,0.0,0.0,0.0,0.0,0.0,0.0
24113,Jack Campbell,DET,7,0.0,0.0,0.0,0.0,0.0,0.0,0.0
23121,Kayshon Boutte,NE,7,0.0,0.0,84.5,2.4,0.0,84.5,0.028070175438596492
21134,Kaden Elliss,ATL,7,0.0,0.0,0.0,0.0,0.0,0.0,0.0
23371,Isiah Pacheco,KC,7,0.0,87.6,-4.6,2.4,0.0,83.0,0.02857142857142857
17920,Carson Wentz,MIN,7,480.8,43.0,0.0,0.0,0.0,523.8,0.0
23539,Nate Landman,LAR,7,0.0,0.0,0.0,0.0,0.0,0.0,0.0
21218,Tyrel Dodson,MIA,7,0.0,0.0,0.0,0.0,0.0,0.0,0.0
19790,Baker Mayfield,TB,7,350.2,0.0,0.0,0.0,0.0,350.2,0.0
24436,Chad Ryland,ARI,7,0.0,0.0,0.0,0.0,0.0,0.0,0.0
24079,Lucas Havrisik,GB,7,0.0,0.0,0.0,0.0,0.0,0.0,0.0
24224,Drake Thomas,SEA,7,0.0,0.0,0.0,0.0,0.0,0.0,0.0
23416,Jaquan Brisker,CHI,7,0.0,0.0,0.0,0.0,0.0,0.0,0.0
25350,Jowon Briggs,NYJ,7,0.0,0.0,0.0,0.0,0.0,0.0,0.0
19800,Courtland Sutton,DEN,7,0.0,0.0,133.6,0.0,0.0,133.6,0.0
25092,Tyrone Tracy Jr.,NYG,7,0.0,70.7,0.0,2.4,0.0,70.7,0.03347280334728033
24448,Tyrus Wheat,DET,7,0.0,0.0,0.0,0.0,0.0,0.0,0.0
23132,Bryce Young,CAR,7,212.0,15.4,0.0,0.0,0.0,227.4,0.0
23186,Spencer Rattler,NO,7,357.9,18.4,0.0,0.0,2.4,376.29999999999995,0.0
20753,Noah Fant,CIN,7,0.0,0.0,67.6,2.4,0.0,67.6,0.03498542274052478
17922,Jared Goff,DET,7,370.2,10.8,0.0,0.0,2.4,381.0,0.0
25323,Cameron Ward,TEN,7,391.7,0.0,0.0,0.0,2.4,391.7,0.0
20767,Rashan Gary,GB,7,0.0,0.0,0.0,0.0,0.0,0.0,0.0
24374,Chase Brown,CIN,7,0.0,165.9,-12.3,0.0,0.0,153.6,0.0
25024,Barrett Carter,CIN,7,0.0,0.0,0.0,0.0,0.0,0.0,0.0
21923,Kam Curl,LAR,7,0.0,0.0,0.0,0.0,0.0,0.0,0.0
23305,Nick Cross,IND,7,0.0,0.0,0.0,0.0,0.0,0.0,0.0
25157,Dru Phillips,NYG,7,0.0,0.0,0.0,0.0,0.0,0.0,0.0
21999,Akeem Davis-Gaither,ARI,7,0.0,0.0,0.0,0.0,0.0,0.0,0.0
19841,Daron Payne,WAS,7,0.0,0.0,0.0,0.0,0.0,0.0,0.0
20149,Eddy Piñeiro,SF,7,0.0,0.0,0.0,0.0,0.0,0.0,0.0
24973,Troy Franklin,DEN,7,0.0,0.0,29.2,2.4,0.0,29.2,0.07947019867549669
24993,Laiatu Latu,IND,7,0.0,0.0,0.0,0.0,0.0,0.0,0.0
24179,De'Von Achane,MIA,7,0.0,126.0,24.6,0.0,0.0,150.6,0.0
23165,Marvin Mims Jr.,DEN,7,0.0,20.0,130.6,0.0,0.0,150.6,0.0
23232,Alec Pierce,IND,7,0.0,0.0,150.5,0.0,0.0,150.5,0.0
19920,Dalton Schultz,HOU,7,0.0,0.0,150.5,0.0,0.0,150.5,0.0
14856,Zach Ertz,WAS,7,0.0,0.0,56.8,2.4,0.0,56.8,0.04152249134948097
21952,Rico Dowdle,CAR,7,0.0,121.3,26.1,0.0,0.0,147.4,0.0
20749,T.J. Edwards,CHI,7,0.0,0.0,0.0,0.0,0.0,0.0,0.0
25250,Cedric Gray,TEN,7,0.0,0.0,0.0,0.0,0.0,0.0,0.0
23170,Wan'Dale Robinson,NYG,7,0.0,0.0,145.9,0.0,0.0,145.9,0.0
25942,Woody Marks,HOU,7,0.0,23.0,30.7,2.4,0.0,53.7,0.043875685557586835
22688,Tre'von Moehrig,CAR,7,0.0,0.0,0.0,0.0,0.0,0.0,0.0
25995,Nic Scourton,CAR,7,0.0,0.0,0.0,0.0,0.0,0.0,0.0
19273,Eric Wilson,MIN,7,0.0,0.0,0.0,0.0,0.0,0.0,0.0
25970,Terrance Ferguson,LAR,7,0.0,0.0,47.6,2.4,0.0,47.6,0.04938271604938271
22710,Derrick Barnes,DET,7,0.0,0.0,0.0,0.0,0.0,0.0,0.0
19882,Jerome Baker,CLE,7,0.0,0.0,0.0,0.0,0.0,0.0,0.0
22744,Milton Williams,NE,7,0.0,0.0,0.0,0.0,0.0,0.0,0.0
13810,Demario Davis,NO,7,0.0,0.0,0.0,0.0,0.0,0.0,0.0
21519,Joey Slye,TEN,7,0.0,0.0,0.0,0.0,0.0,0.0,0.0
24226,Quentin Johnston,LAC,7,0.0,0.0,46.1,2.4,0.0,46.1,0.05095541401273885
26061,Donovan Ezeiruaku,DAL,7,0.0,0.0,0.0,0.0,0.0,0.0,0.0
25125,Evan Williams,GB,7,0.0,0.0,0.0,0.0,0.0,0.0,0.0
19375,Arthur Maulet,DET,7,0.0,0.0,0.0,0.0,0.0,0.0,0.0
17215,Jason Myers,SEA,7,0.0,0.0,0.0,0.0,0.0,0.0,0.0
22092,Chase Young,NO,7,0.0,0.0,0.0,0.0,0.0,0.0,0.0
25031,T'Vondre Sweat,TEN,7,0.0,0.0,0.0,0.0,0.0,0.0,0.0
18990,Jonnu Smith,PIT,7,0.0,0.0,43.0,2.4,0.0,43.0,0.05454545454545454
18807,Myles Garrett,CLE,7,0.0,0.0,0.0,0.0,0.0,0.0,0.0
23262,Zach Harrison,ATL,7,0.0,0.0,0.0,0.0,0.0,0.0,0.0
19812,Sam Darnold,SEA,7,327.2,2.4,0.0,0.0,2.4,329.59999999999997,0.0
19960,DeShon Elliott,PIT,7,0.0,0.0,0.0,0.0,0.0,0.0,0.0
17979,A'Shawn Robinson,CAR,7,0.0,0.0,0.0,0.0,0.0,0.0,0.0
22694,Jaycee Horn,CAR,7,0.0,0.0,0.0,0.0,0.0,0.0,0.0
22746,Jonathon Cooper,DEN,7,0.0,0.0,0.0,0.0,0.0,0.0,0.0
23554,Kyler Gordon,CHI,7,0.0,0.0,0.0,0.0,0.0,0.0,0.0
21889,Joshua Uche,PHI,7,0.0,0.0,0.0,0.0,0.0,0.0,0.0
23153,George Pickens,DAL,7,0.0,0.0,126.0,0.0,0.0,126.0,0.0
25899,Brashard Smith,KC,7,0.0,59.9,64.5,0.0,0.0,124.4,0.0
17978,Jihad Ward,TEN,7,0.0,0.0,0.0,0.0,0.0,0.0,0.0
23471,Jordan Battle,CIN,7,0.0,0.0,0.0,0.0,0.0,0.0,0.0
19026,Rayshawn Jenkins,CLE,7,0.0,0.0,0.0,0.0,0.0,0.0,0.0
23934,Isaiah Pola-Mao,LV,7,0.0,0.0,0.0,0.0,0.0,0.0,0.0
22005,Jordyn Brooks,MIA,7,0.0,0.0,0.0,0.0,0.0,0.0,0.0
24453,Marte Mapu,NE,7,0.0,0.0,0.0,0.0,0.0,0.0,0.0
21907,Zack Baun,PHI,7,0.0,0.0,0.0,0.0,0.0,0.0,0.0
21674,J.K. Dobbins,DEN,7,0.0,124.4,-1.5,0.0,0.0,122.9,0.0
22000,Justin Strnad,DEN,7,0.0,0.0,0.0,0.0,0.0,0.0,0.0
23289,Dane Belton,NYG,7,0.0,0.0,0.0,0.0,0.0,0.0,0.0
25263,Tatum Bethune,SF,7,0.0,0.0,0.0,0.0,0.0,0.0,0.0
24530,Jake Bates,DET,7,0.0,0.0,0.0,0.0,0.0,0.0,0.0
21490,Azeez Al-Shaair,HOU,7,0.0,0.0,0.0,0.0,0.0,0.0,0.0
21685,Justin Jefferson,MIN,7,0.0,0.0,121.3,0.0,0.0,121.3,0.0
21738,Juwan Johnson,NO,7,0.0,0.0,121.3,0.0,0.0,121.3,0.0
19859,Uchenna Nwosu,SEA,7,0.0,0.0,0.0,0.0,0.0,0.0,0.0
26203,Josaiah Stewart,LAR,7,0.0,0.0,0.0,0.0,0.0,0.0,0.0
20738,Zach Allen,DEN,7,0.0,0.0,0.0,0.0,0.0,0.0,0.0
25914,Jaylin Noel,HOU,7,0.0,0.0,118.3,0.0,0.0,118.3,0.0
24283,Keeanu Benton,PIT,7,0.0,0.0,0.0,0.0,0.0,0.0,0.0
21918,Grant Delpit,CLE,7,0.0,0.0,0.0,0.0,0.0,0.0,0.0
21925,Ashtyn Davis,MIA,7,0.0,0.0,0.0,0.0,0.0,0.0,0.0
21929,Joshua Metellus,MIN,7,0.0,0.0,0.0,0.0,0.0,0.0,0.0
23421,Marcus Jones,NE,7,0.0,0.0,0.0,0.0,0.0,0.0,0.0
24968,Cooper DeJean,PHI,7,0.0,0.0,0.0,0.0,0.0,0.0,0.0
24961,Calen Bullock,HOU,7,0.0,0.0,0.0,0.0,0.0,0.0,0.0
16366,DeMarcus Lawrence,SEA,7,0.0,0.0,0.0,0.0,0.0,0.0,0.0
23557,Josh Jobe,SEA,7,0.0,0.0,0.0,0.0,0.0,0.0,0.0
21045,Marquise Brown,KC,7,0.0,0.0,21.5,2.4,0.0,21.5,0.10666666666666666
19862,Harold Landry III,NE,7,0.0,0.0,0.0,0.0,0.0,0.0,0.0
23167,Romeo Doubs,GB,7,0.0,0.0,110.6,0.0,0.0,110.6,0.0
23237,Chris Rodriguez Jr.,WAS,7,0.0,18.4,0.0,2.4,0.0,18.4,0.12371134020618557
17963,Austin Hooper,NE,7,0.0,0.0,16.9,2.4,0.0,16.9,0.1340782122905028
16191,Chris Boswell,PIT,7,0.0,0.0,0.0,0.0,0.0,0.0,0.0
24126,Joey Porter Jr.,PIT,7,0.0,0.0,0.0,0.0,0.0,0.0,0.0
26108,Ryan Fitzgerald,CAR,7,0.0,0.0,0.0,0.0,0.0,0.0,0.0
22733,Nahshon Wright,CHI,7,0.0,0.0,0.0,0.0,0.0,0.0,0.0
24575,Andre Szmyt,CLE,7,0.0,0.0,0.0,0.0,0.0,0.0,0.0
19073,Harrison Butker,KC,7,0.0,0.0,0.0,0.0,0.0,0.0,0.0
26106,Andy Borregales,NE,7,0.0,0.0,0.0,0.0,0.0,0.0,0.0
25007,Kool-Aid McKinstry,NO,7,0.0,0.0,0.0,0.0,0.0,0.0,0.0
26182,Quincy Riley,NO,7,0.0,0.0,0.0,0.0,0.0,0.0,0.0
17691,Brandon Stephens,NYJ,7,0.0,0.0,0.0,0.0,0.0,0.0,0.0
20989,Quinnen Williams,NYJ,7,0.0,0.0,0.0,0.0,0.0,0.0,0.0
19287,Kenny Moore II,IND,7,0.0,0.0,0.0,0.0,0.0,0.0,0.0
19837,Derwin James Jr.,LAC,7,0.0,0.0,0.0,0.0,0.0,0.0,0.0
19873,Jessie Bates III,ATL,7,0.0,0.0,0.0,0.0,0.0,0.0,0.0
25264,JD Bertrand,ATL,7,0.0,0.0,0.0,0.0,0.0,0.0,0.0
22089,Amik Robertson,DET,7,0.0,0.0,0.0,0.0,0.0,0.0,0.0
24384,Erick Hallett,DET,7,0.0,0.0,0.0,0.0,0.0,0.0,0.0
21940,Antoine Winfield Jr.,TB,7,0.0,0.0,0.0,0.0,0.0,0.0,0.0
18215,Ka'imi Fairbairn,HOU,7,0.0,0.0,0.0,0.0,0.0,0.0,0.0
22780,Tommy Togiai,HOU,7,0.0,0.0,0.0,0.0,0.0,0.0,0.0
18923,Jamal Adams,LV,7,0.0,0.0,0.0,0.0,0.0,0.0,0.0
16906,Stefon Diggs,NE,7,0.0,0.0,106.0,0.0,0.0,106.0,0.0
23392,Kingsley Enagbare,GB,7,0.0,0.0,0.0,0.0,0.0,0.0,0.0
21961,Darnell Mooney,ATL,7,0.0,0.0,104.4,0.0,0.0,104.4,0.0
16310,Denico Autry,HOU,7,0.0,0.0,0.0,0.0,0.0,0.0,0.0
24139,Jared Verse,LAR,7,0.0,0.0,0.0,0.0,0.0,0.0,0.0
20842,Dre'Mont Jones,TEN,7,0.0,0.0,0.0,0.0,0.0,0.0,0.0
16323,Khalil Mack,LAC,7,0.0,0.0,0.0,0.0,0.0,0.0,0.0
25097,Ladd McConkey,LAC,7,0.0,0.0,102.9,0.0,0.0,102.9,0.0
18926,Zay Jones,ARI,7,0.0,0.0,102.9,0.0,0.0,102.9,0.0
23214,Kenneth Walker III,SEA,7,0.0,101.4,0.0,0.0,0.0,101.4,0.0
23212,Kyren Williams,LAR,7,0.0,82.9,16.9,0.0,0.0,99.80000000000001,0.0
24253,Byron Young,LAR,7,0.0,0.0,0.0,0.0,0.0,0.0,0.0
25001,Konata Mumpfield,LAR,7,0.0,0.0,11.8,2.4,0.0,11.8,0.18749999999999997
20822,Mike Jackson,CAR,7,0.0,0.0,0.0,0.0,0.0,0.0,0.0
17994,Kevin Byard III,CHI,7,0.0,0.0,0.0,0.0,0.0,0.0,0.0
23308,Alex Wright,CLE,7,0.0,0.0,0.0,0.0,0.0,0.0,0.0
23431,Alontae Taylor,NO,7,0.0,0.0,0.0,0.0,0.0,0.0,0.0
22844,Talanoa Hufanga,DEN,7,0.0,0.0,0.0,0.0,0.0,0.0,0.0
20024,Zaire Franklin,IND,7,0.0,0.0,0.0,0.0,0.0,0.0,0.0
24271,Mekhi Blackmon,IND,7,0.0,0.0,0.0,0.0,0.0,0.0,0.0
20411,Frankie Luvu,WAS,7,0.0,0.0,0.0,0.0,0.0,0.0,0.0
23683,Sam Okuayinonu,SF,7,0.0,0.0,0.0,0.0,0.0,0.0,0.0
23257,Aidan Hutchinson,DET,7,0.0,0.0,0.0,0.0,0.0,0.0,0.0
23134,Cade Otton,TB,7,0.0,0.0,99.8,0.0,0.0,99.8,0.0
26178,Elijah Roberts,TB,7,0.0,0.0,0.0,0.0,0.0,0.0,0.0
23422,Jalen Pitre,HOU,7,0.0,0.0,0.0,0.0,0.0,0.0,0.0
23847,Bam Knight,ARI,7,0.0,87.6,10.8,0.0,0.0,98.39999999999999,0.0
19999,Jacob Martin,WAS,7,0.0,0.0,0.0,0.0,0.0,0.0,0.0
25846,Dondrea Tillman,DEN,7,0.0,0.0,0.0,0.0,0.0,0.0,0.0
23136,Darnell Washington,PIT,7,0.0,0.0,4.7,2.4,0.0,4.7,0.42105263157894735
24143,Parker Washington,JAX,7,0.0,15.4,79.9,0.0,0.0,95.30000000000001,0.0
22699,Jaelan Phillips,MIA,7,0.0,0.0,0.0,0.0,0.0,0.0,0.0
24427,Moro Ojomo,PHI,7,0.0,0.0,0.0,0.0,0.0,0.0,0.0
25944,RJ Harvey,DEN,7,0.0,0.0,4.7,2.4,0.0,4.7,0.42105263157894735
22508,Kyle Pitts Sr.,ATL,7,0.0,0.0,95.2,0.0,0.0,95.2,0.0
20912,Tony Pollard,TEN,7,0.0,27.6,66.0,0.0,0.0,93.6,0.0
22697,Zaven Collins,ARI,7,0.0,0.0,0.0,0.0,0.0,0.0,0.0
24106,DJ Turner II,CIN,7,0.0,0.0,0.0,0.0,0.0,0.0,0.0
18975,Jourdan Lewis,JAX,7,0.0,0.0,0.0,0.0,0.0,0.0,0.0
26565,Donovan McMillon,CLE,7,0.0,0.0,0.0,0.0,0.0,0.0,0.0
18331,Chris Jones,KC,7,0.0,0.0,0.0,0.0,0.0,0.0,0.0
19832,Bradley Chubb,MIA,7,0.0,0.0,0.0,0.0,0.0,0.0,0.0
22863,Riley Patterson,MIA,7,0.0,0.0,0.0,0.0,0.0,0.0,0.0
14461,Harrison Smith,MIN,7,0.0,0.0,0.0,0.0,0.0,0.0,0.0
19866,Justin Reid,NO,7,0.0,0.0,0.0,0.0,0.0,0.0,0.0
11694,Nick Folk,NYJ,7,0.0,0.0,0.0,0.0,0.0,0.0,0.0
21675,Tyler Johnson,NYJ,7,0.0,0.0,92.2,0.0,0.0,92.2,0.0
26064,Andrew Mukuba,PHI,7,0.0,0.0,0.0,0.0,0.0,0.0,0.0
20144,Michael Badgley,IND,7,0.0,0.0,0.0,0.0,0.0,0.0,0.0
23567,Cameron Dicker,LAC,7,0.0,0.0,0.0,0.0,0.0,0.0,0.0
23328,Cor'Dale Flott,NYG,7,0.0,0.0,0.0,0.0,0.0,0.0,0.0
18927,Budda Baker,ARI,7,0.0,0.0,0.0,0.0,0.0,0.0,0.0
23547,Markquese Bell,DAL,7,0.0,0.0,0.0,0.0,0.0,0.0,0.0
21936,Xavier McKinney,GB,7,0.0,0.0,0.0,0.0,0.0,0.0,0.0
25976,Jaylin Lane,WAS,7,0.0,0.0,92.2,0.0,0.0,92.2,0.0
26067,Xavier Watts,ATL,7,0.0,0.0,0.0,0.0,0.0,0.0,0.0
20894,Anthony Nelson,TB,7,0.0,0.0,0.0,0.0,0.0,0.0,0.0
23334,Derek Stingley Jr.,HOU,7,0.0,0.0,0.0,0.0,0.0,0.0,0.0
23423,Coby Bryant,SEA,7,0.0,0.0,0.0,0.0,0.0,0.0,0.0
12902,Cameron Heyward,PIT,7,0.0,0.0,0.0,0.0,0.0,0.0,0.0
18030,Chris Moore,WAS,7,0.0,0.0,90.6,0.0,0.0,90.6,0.0
23177,Dillon Gabriel,CLE,7,178.2,18.4,0.0,0.0,0.0,196.6,0.0
24974,Marvin Harrison Jr.,ARI,7,0.0,0.0,89.1,0.0,0.0,89.1,0.0
26092,Emeka Egbuka,TB,7,0.0,0.0,89.1,0.0,0.0,89.1,0.0
21880,Larrell Murchison,LAR,7,0.0,0.0,0.0,0.0,0.0,0.0,0.0
18875,Jonathan Allen,MIN,7,0.0,0.0,0.0,0.0,0.0,0.0,0.0
24931,Dallas Turner,MIN,7,0.0,0.0,0.0,0.0,0.0,0.0,0.0
17919,Jalen Ramsey,PIT,7,0.0,0.0,0.0,0.0,0.0,0.0,0.0
21120,Cole Holcomb,PIT,7,0.0,0.0,0.0,0.0,0.0,0.0,0.0
21696,Travis Etienne Jr.,JAX,7,0.0,67.6,16.9,0.0,0.0,84.5,0.0
24269,Ventrell Miller,JAX,7,0.0,0.0,0.0,0.0,0.0,0.0,0.0
20570,Darious Williams,LAR,7,0.0,0.0,0.0,0.0,0.0,0.0,0.0
21691,Chuba Hubbard,CAR,7,0.0,47.6,36.9,0.0,0.0,84.5,0.0
24202,Ronnie Hickman,CLE,7,0.0,0.0,0.0,0.0,0.0,0.0,0.0
26027,Carson Schwesinger,CLE,7,0.0,0.0,0.0,0.0,0.0,0.0,0.0
26041,Kenneth Grant,MIA,7,0.0,0.0,0.0,0.0,0.0,0.0,0.0
22740,Andre Cisco,NYJ,7,0.0,0.0,0.0,0.0,0.0,0.0,0.0
23309,Nakobe Dean,PHI,7,0.0,0.0,0.0,0.0,0.0,0.0,0.0
17085,Alex Singleton,DEN,7,0.0,0.0,0.0,0.0,0.0,0.0,0.0
21899,Malcolm Roach,DEN,7,0.0,0.0,0.0,0.0,0.0,0.0,0.0
21927,Brandon Jones,DEN,7,0.0,0.0,0.0,0.0,0.0,0.0,0.0
22729,Cam Bynum,IND,7,0.0,0.0,0.0,0.0,0.0,0.0,0.0
15516,Tony Jefferson,LAC,7,0.0,0.0,0.0,0.0,0.0,0.0,0.0
21635,Jalen Thompson,ARI,7,0.0,0.0,0.0,0.0,0.0,0.0,0.0
24101,Colby Wooden,GB,7,0.0,0.0,0.0,0.0,0.0,0.0,0.0
14534,Bobby Wagner,WAS,7,0.0,0.0,0.0,0.0,0.0,0.0,0.0
21064,Jamel Dean,TB,7,0.0,0.0,0.0,0.0,0.0,0.0,0.0
21117,E.J. Speed,HOU,7,0.0,0.0,0.0,0.0,0.0,0.0,0.0
25022,Byron Murphy II,SEA,7,0.0,0.0,0.0,0.0,0.0,0.0,0.0
15048,Travis Kelce,KC,7,0.0,0.0,82.9,0.0,0.0,82.9,0.0
19023,Mack Hollins,NE,7,0.0,9.4,75.3,0.0,0.0,84.7,0.0
19844,DJ Moore,CHI,7,0.0,13.8,66.0,0.0,0.0,79.8,0.0
22526,Breece Hall,NYJ,7,0.0,58.4,21.5,0.0,0.0,79.9,0.0
22496,Mac Jones,SF,7,233.5,16.9,0.0,0.0,0.0,250.4,0.0
21931,Geno Stone,CIN,7,0.0,0.0,0.0,0.0,0.0,0.0,0.0
20875,DK Metcalf,PIT,7,0.0,0.0,76.8,0.0,0.0,76.8,0.0
21281,Andrew Wingard,JAX,7,0.0,0.0,0.0,0.0,0.0,0.0,0.0
21869,DaVon Hamilton,JAX,7,0.0,0.0,0.0,0.0,0.0,0.0,0.0
22686,Dyami Brown,JAX,7,0.0,0.0,76.8,0.0,0.0,76.8,0.0
25121,Joshua Karty,LAR,7,0.0,0.0,0.0,0.0,0.0,0.0,0.0
24929,Trevin Wallace,CAR,7,0.0,0.0,0.0,0.0,0.0,0.0,0.0
25992,Mason Graham,CLE,7,0.0,0.0,0.0,0.0,0.0,0.0,0.0
23365,Trent McDuffie,KC,7,0.0,0.0,0.0,0.0,0.0,0.0,0.0
25349,Jonah Laulu,LV,7,0.0,0.0,0.0,0.0,0.0,0.0,0.0
21879,Jonathan Greenard,MIN,7,0.0,0.0,0.0,0.0,0.0,0.0,0.0
24097,Christian Gonzalez,NE,7,0.0,0.0,0.0,0.0,0.0,0.0,0.0
25217,Jarvis Brownlee Jr.,NYJ,7,0.0,0.0,0.0,0.0,0.0,0.0,0.0
24114,Jalen Carter,PHI,7,0.0,0.0,0.0,0.0,0.0,0.0,0.0
16960,Quandre Diggs,TEN,7,0.0,0.0,0.0,0.0,0.0,0.0,0.0
23460,Roger McCreary,TEN,7,0.0,0.0,0.0,0.0,0.0,0.0,0.0
18478,Wil Lutz,DEN,7,0.0,0.0,0.0,0.0,0.0,0.0,0.0
26210,Que Robinson,DEN,7,0.0,0.0,0.0,0.0,0.0,0.0,0.0
20897,Bobby Okereke,NYG,7,0.0,0.0,0.0,0.0,0.0,0.0,0.0
3341,Calais Campbell,ARI,7,0.0,0.0,0.0,0.0,0.0,0.0,0.0
25165,Max Melton,ARI,7,0.0,0.0,0.0,0.0,0.0,0.0,0.0
22904,Isaiah McDuffie,GB,7,0.0,0.0,0.0,0.0,0.0,0.0,0.0
24959,Javon Bullard,GB,7,0.0,0.0,0.0,0.0,0.0,0.0,0.0
25021,Edgerrin Cooper,GB,7,0.0,0.0,0.0,0.0,0.0,0.0,0.0
24247,Quan Martin,WAS,7,0.0,0.0,0.0,0.0,0.0,0.0,0.0
19847,Mike Hughes,ATL,7,0.0,0.0,0.0,0.0,0.0,0.0,0.0
24233,Ji'Ayir Brown,SF,7,0.0,0.0,0.0,0.0,0.0,0.0,0.0
21001,Rock Ya-Sin,DET,7,0.0,0.0,0.0,0.0,0.0,0.0,0.0
14375,Lavonte David,TB,7,0.0,0.0,0.0,0.0,0.0,0.0,0.0
19834,Vita Vea,TB,7,0.0,0.0,0.0,0.0,0.0,0.0,0.0
21542,Chase McLaughlin,TB,7,0.0,0.0,0.0,0.0,0.0,0.0,0.0
19893,M.J. Stewart,HOU,7,0.0,0.0,0.0,0.0,0.0,0.0,0.0
16767,Leonard Williams,SEA,7,0.0,0.0,0.0,0.0,0.0,0.0,0.0
24119,Andrei Iosivas,CIN,7,0.0,0.0,75.3,0.0,0.0,75.3,0.0
24144,Bryan Bresee,NO,7,0.0,0.0,0.0,0.0,0.0,0.0,0.0
24924,Xavier Worthy,KC,7,0.0,20.0,53.8,0.0,0.0,73.8,0.0
21807,Colby Parkinson,LAR,7,0.0,0.0,72.2,0.0,0.0,72.2,0.0
24927,Caleb Williams,CHI,7,264.2,-3.1,0.0,0.0,0.0,261.09999999999997,0.0
25027,Kamren Kinchens,LAR,7,0.0,0.0,0.0,0.0,0.0,0.0,0.0
21131,Nick Scott,CAR,7,0.0,0.0,0.0,0.0,0.0,0.0,0.0
22334,Christian Rozeboom,CAR,7,0.0,0.0,0.0,0.0,0.0,0.0,0.0
21054,Devin Bush,CLE,7,0.0,0.0,0.0,0.0,0.0,0.0,0.0
25184,Myles Harden,CLE,7,0.0,0.0,0.0,0.0,0.0,0.0,0.0
24134,Malachi Moore,NYJ,7,0.0,0.0,0.0,0.0,0.0,0.0,0.0
23515,Jordan Davis,PHI,7,0.0,0.0,0.0,0.0,0.0,0.0,0.0
24135,Kelee Ringo,PHI,7,0.0,0.0,0.0,0.0,0.0,0.0,0.0
19084,Xavier Woods,TEN,7,0.0,0.0,0.0,0.0,0.0,0.0,0.0
19985,Sebastian Joseph-Day,TEN,7,0.0,0.0,0.0,0.0,0.0,0.0,0.0
20811,Amani Hooker,TEN,7,0.0,0.0,0.0,0.0,0.0,0.0,0.0
20778,Dre Greenlaw,DEN,7,0.0,0.0,0.0,0.0,0.0,0.0,0.0
23367,Ja'Quan McMillian,DEN,7,0.0,0.0,0.0,0.0,0.0,0.0,0.0
19014,Grover Stewart,IND,7,0.0,0.0,0.0,0.0,0.0,0.0,0.0
22078,Neville Gallimore,IND,7,0.0,0.0,0.0,0.0,0.0,0.0,0.0
26613,Johnathan Edwards,IND,7,0.0,0.0,0.0,0.0,0.0,0.0,0.0
22787,Benjamin St-Juste,LAC,7,0.0,0.0,0.0,0.0,0.0,0.0,0.0
18292,Roy Robertson-Harris,NYG,7,0.0,0.0,0.0,0.0,0.0,0.0,0.0
25243,Darius Muasau,NYG,7,0.0,0.0,0.0,0.0,0.0,0.0,0.0
22921,Nate Hobbs,GB,7,0.0,0.0,0.0,0.0,0.0,0.0,0.0
18905,Marshon Lattimore,WAS,7,0.0,0.0,0.0,0.0,0.0,0.0,0.0
19065,Jeremy McNichols,WAS,7,0.0,33.8,35.3,0.0,0.0,69.1,0.0
25147,Mike Sainristil,WAS,7,0.0,0.0,0.0,0.0,0.0,0.0,0.0
22822,Ta'Quon Graham,ATL,7,0.0,0.0,0.0,0.0,0.0,0.0,0.0
23610,Sam Roberts,ATL,7,0.0,0.0,0.0,0.0,0.0,0.0,0.0
24245,Darrell Luter Jr.,SF,7,0.0,0.0,0.0,0.0,0.0,0.0,0.0
25163,Malik Mustapha,SF,7,0.0,0.0,0.0,0.0,0.0,0.0,0.0
23217,Rachaad White,TB,7,0.0,58.4,14.2,0.0,0.0,72.6,0.0
24116,Blake Corum,LAR,7,0.0,56.8,14.2,0.0,0.0,71.0,0.0
20805,T.J. Hockenson,MIN,7,0.0,0.0,66.0,0.0,0.0,66.0,0.0
19766,Saquon Barkley,PHI,7,0.0,67.6,-3.1,0.0,0.0,64.5,0.0
18912,Evan Engram,DEN,7,0.0,0.0,64.5,0.0,0.0,64.5,0.0
23151,Drake London,ATL,7,0.0,0.0,64.5,0.0,0.0,64.5,0.0
21739,Van Jefferson,TEN,7,0.0,0.0,63.0,0.0,0.0,63.0,0.0
22492,Justin Fields,NYJ,7,70.7,33.8,0.0,0.0,0.0,104.5,0.0
26068,Demetrius Knight Jr.,CIN,7,0.0,0.0,0.0,0.0,0.0,0.0,0.0
19070,Chuck Clark,PIT,7,0.0,0.0,0.0,0.0,0.0,0.0,0.0
16778,Arik Armstead,JAX,7,0.0,0.0,0.0,0.0,0.0,0.0,0.0
18029,Eric Murray,JAX,7,0.0,0.0,0.0,0.0,0.0,0.0,0.0
20737,Josh Hines-Allen,JAX,7,0.0,0.0,0.0,0.0,0.0,0.0,0.0
24108,Emmanuel Forbes Jr.,LAR,7,0.0,0.0,0.0,0.0,0.0,0.0,0.0
24474,Kobie Turner,LAR,7,0.0,0.0,0.0,0.0,0.0,0.0,0.0
20967,Jerry Tillery,KC,7,0.0,0.0,0.0,0.0,0.0,0.0,0.0
23512,Thomas Booker IV,LV,7,0.0,0.0,0.0,0.0,0.0,0.0,0.0
23558,Jack Jones,MIA,7,0.0,0.0,0.0,0.0,0.0,0.0,0.0
21118,Blake Cashman,MIN,7,0.0,0.0,0.0,0.0,0.0,0.0,0.0
24281,Jalen Redmond,MIN,7,0.0,0.0,0.0,0.0,0.0,0.0,0.0
23729,Rashid Shaheed,NO,7,0.0,0.0,61.4,0.0,0.0,61.4,0.0
26159,Jonas Sanker,NO,7,0.0,0.0,0.0,0.0,0.0,0.0,0.0
23337,Sauce Gardner,NYJ,7,0.0,0.0,0.0,0.0,0.0,0.0,0.0
23382,Jermaine Johnson II,NYJ,7,0.0,0.0,0.0,0.0,0.0,0.0,0.0
26144,Kiko Mauigoa,NYJ,7,0.0,0.0,0.0,0.0,0.0,0.0,0.0
19041,Jake Elliott,PHI,7,0.0,0.0,0.0,0.0,0.0,0.0,0.0
25030,Quinyon Mitchell,PHI,7,0.0,0.0,0.0,0.0,0.0,0.0,0.0
24123,Tyjae Spears,TEN,7,0.0,33.8,27.6,0.0,0.0,61.4,0.0
25298,Cam Hart,LAC,7,0.0,0.0,0.0,0.0,0.0,0.0,0.0
26198,Jamaree Caldwell,LAC,7,0.0,0.0,0.0,0.0,0.0,0.0,0.0
22704,Paulson Adebo,NYG,7,0.0,0.0,0.0,0.0,0.0,0.0,0.0
24173,Michael Wilson,ARI,7,0.0,0.0,61.4,0.0,0.0,61.4,0.0
25138,Dadrion Taylor-Demerson,ARI,7,0.0,0.0,0.0,0.0,0.0,0.0,0.0
23320,Kaiir Elam,DAL,7,0.0,0.0,0.0,0.0,0.0,0.0,0.0
26297,Trikweze Bridges,DAL,7,0.0,0.0,0.0,0.0,0.0,0.0,0.0
23732,Parker Romo,ATL,7,0.0,0.0,0.0,0.0,0.0,0.0,0.0
24285,Dee Winters,SF,7,0.0,0.0,0.0,0.0,0.0,0.0,0.0
26075,Alfred Collins,SF,7,0.0,0.0,0.0,0.0,0.0,0.0,0.0
24770,Nick Whiteside,DET,7,0.0,0.0,0.0,0.0,0.0,0.0,0.0
16849,Danielle Hunter,HOU,7,0.0,0.0,0.0,0.0,0.0,0.0,0.0
23428,Riq Woolen,SEA,7,0.0,0.0,0.0,0.0,0.0,0.0,0.0
16763,Marcus Mariota,WAS,7,96.8,52.2,0.0,0.0,0.0,149.0,0.0
23469,Tyquan Thornton,KC,7,0.0,0.0,59.9,0.0,0.0,59.9,0.0
20882,David Montgomery,DET,7,0.0,32.3,27.6,0.0,0.0,59.9,0.0
26019,Princely Umanmielen,CAR,7,0.0,0.0,0.0,0.0,0.0,0.0,0.0
23368,Jalen Nailor,MIN,7,0.0,0.0,56.8,0.0,0.0,56.8,0.0
25922,Matthew Golden,GB,7,0.0,0.0,56.8,0.0,0.0,56.8,0.0
25870,Harold Fannin Jr.,CLE,7,0.0,0.0,55.3,0.0,0.0,55.3,0.0
25962,Gunnar Helm,TEN,7,0.0,0.0,55.3,0.0,0.0,55.3,0.0
22553,Michael Carter,ARI,7,0.0,16.9,38.4,0.0,0.0,55.3,0.0
18187,Robbie Chosen,WAS,7,0.0,0.0,55.3,0.0,0.0,55.3,0.0
23190,Brian Robinson Jr.,SF,7,0.0,55.3,0.0,0.0,0.0,55.3,0.0
19885,B.J. Hill,CIN,7,0.0,0.0,0.0,0.0,0.0,0.0,0.0
15127,Darius Slay,PIT,7,0.0,0.0,0.0,0.0,0.0,0.0,0.0
20965,Juan Thornhill,PIT,7,0.0,0.0,0.0,0.0,0.0,0.0,0.0
22808,Brandin Echols,PIT,7,0.0,0.0,0.0,0.0,0.0,0.0,0.0
25560,Jaylen McCollough,LAR,7,0.0,0.0,0.0,0.0,0.0,0.0,0.0
24111,Gervon Dexter Sr.,CHI,7,0.0,0.0,0.0,0.0,0.0,0.0,0.0
24239,Tyrique Stevenson,CHI,7,0.0,0.0,0.0,0.0,0.0,0.0,0.0
18883,JuJu Smith-Schuster,KC,7,0.0,0.0,53.8,0.0,0.0,53.8,0.0
24642,Ethan Bonner,MIA,7,0.0,0.0,0.0,0.0,0.0,0.0,0.0
20888,Byron Murphy Jr.,MIN,7,0.0,0.0,0.0,0.0,0.0,0.0,0.0
23611,Theo Jackson,MIN,7,0.0,0.0,0.0,0.0,0.0,0.0,0.0
20959,Jahlani Tavai,NE,7,0.0,0.0,0.0,0.0,0.0,0.0,0.0
26071,Danny Stutsman,NO,7,0.0,0.0,0.0,0.0,0.0,0.0,0.0
21894,James Lynch,TEN,7,0.0,0.0,0.0,0.0,0.0,0.0,0.0
23282,Jalyn Armour-Davis,TEN,7,0.0,0.0,0.0,0.0,0.0,0.0,0.0
19942,John Franklin-Myers,DEN,7,0.0,0.0,0.0,0.0,0.0,0.0,0.0
19870,Donte Jackson,LAC,7,0.0,0.0,0.0,0.0,0.0,0.0,0.0
25079,Kimani Vidal,LAC,7,0.0,30.7,23.0,0.0,0.0,53.7,0.0
25026,Tyler Nubin,NYG,7,0.0,0.0,0.0,0.0,0.0,0.0,0.0
25244,Jordan Magee,WAS,7,0.0,0.0,0.0,0.0,0.0,0.0,0.0
17935,Leonard Floyd,ATL,7,0.0,0.0,0.0,0.0,0.0,0.0,0.0
22899,Deommodore Lenoir,SF,7,0.0,0.0,0.0,0.0,0.0,0.0,0.0
18964,Alex Anzalone,DET,7,0.0,0.0,0.0,0.0,0.0,0.0,0.0
25421,Thomas Harper,DET,7,0.0,0.0,0.0,0.0,0.0,0.0,0.0
23383,Logan Hall,TB,7,0.0,0.0,0.0,0.0,0.0,0.0,0.0
25868,Ashton Jeanty,LV,7,0.0,32.3,20.0,0.0,0.0,52.3,0.0
26038,Jaydon Blue,DAL,7,0.0,44.5,11.8,0.0,0.0,56.3,0.0
13022,Von Miller,WAS,7,0.0,0.0,0.0,0.0,0.0,0.0,0.0
26054,Tetairoa McMillan,CAR,7,0.0,0.0,50.7,0.0,0.0,50.7,0.0
24177,Tre Tucker,LV,7,0.0,0.0,50.7,0.0,0.0,50.7,0.0
17975,Hunter Henry,NE,7,0.0,0.0,50.7,0.0,0.0,50.7,0.0
25064,Isaiah Davis,NYJ,7,0.0,15.4,33.8,0.0,0.0,49.199999999999996,0.0
26259,Jacory Croskey-Merritt,WAS,7,0.0,50.7,-1.5,0.0,0.0,49.2,0.0
18993,Samaje Perine,CIN,7,0.0,47.6,0.0,0.0,0.0,47.6,0.0
24933,Brian Thomas Jr.,JAX,7,0.0,0.0,47.6,0.0,0.0,47.6,0.0
24977,Rome Odunze,CHI,7,0.0,0.0,47.6,0.0,0.0,47.6,0.0
25963,Mason Taylor,NYJ,7,0.0,0.0,47.6,0.0,0.0,47.6,0.0
21717,Jauan Jennings,SF,7,0.0,0.0,47.6,0.0,0.0,47.6,0.0
25035,Payton Wilson,PIT,7,0.0,0.0,0.0,0.0,0.0,0.0,0.0
23548,Montaric Brown,JAX,7,0.0,0.0,0.0,0.0,0.0,0.0,0.0
25140,Chau Smith-Wade,CAR,7,0.0,0.0,0.0,0.0,0.0,0.0,0.0
23385,Dominique Robinson,CHI,7,0.0,0.0,0.0,0.0,0.0,0.0,0.0
16319,Shelby Harris,CLE,7,0.0,0.0,0.0,0.0,0.0,0.0,0.0
19830,Denzel Ward,CLE,7,0.0,0.0,0.0,0.0,0.0,0.0,0.0
22083,Leki Fotu,LV,7,0.0,0.0,0.0,0.0,0.0,0.0,0.0
22896,Malcolm Koonce,LV,7,0.0,0.0,0.0,0.0,0.0,0.0,0.0
24083,Tyree Wilson,LV,7,0.0,0.0,0.0,0.0,0.0,0.0,0.0
20051,Zach Sieler,MIA,7,0.0,0.0,0.0,0.0,0.0,0.0,0.0
25103,Malik Washington,MIA,7,0.0,0.0,46.1,0.0,0.0,46.1,0.0
19892,Carlton Davis III,NE,7,0.0,0.0,0.0,0.0,0.0,0.0,0.0
26022,Azareye'h Thomas,NYJ,7,0.0,0.0,0.0,0.0,0.0,0.0,0.0
23599,Reed Blankenship,PHI,7,0.0,0.0,0.0,0.0,0.0,0.0,0.0
25997,Jihaad Campbell,PHI,7,0.0,0.0,0.0,0.0,0.0,0.0,0.0
25222,Jaylen Harrell,TEN,7,0.0,0.0,0.0,0.0,0.0,0.0,0.0
19124,D.J. Jones,DEN,7,0.0,0.0,0.0,0.0,0.0,0.0,0.0
20915,Germaine Pratt,IND,7,0.0,0.0,0.0,0.0,0.0,0.0,0.0
22422,Teair Tart,LAC,7,0.0,0.0,0.0,0.0,0.0,0.0,0.0
25139,Tarheeb Still,LAC,7,0.0,0.0,0.0,0.0,0.0,0.0,0.0
20994,Mack Wilson Sr.,ARI,7,0.0,0.0,0.0,0.0,0.0,0.0,0.0
16764,Dante Fowler Jr.,DAL,7,0.0,0.0,0.0,0.0,0.0,0.0,0.0
21239,Keisean Nixon,GB,7,0.0,0.0,0.0,0.0,0.0,0.0,0.0
18026,Sheldon Day,WAS,7,0.0,0.0,0.0,0.0,0.0,0.0,0.0
20611,Jeremy Reaves,WAS,7,0.0,0.0,0.0,0.0,0.0,0.0,0.0
21107,Darnell Savage,WAS,7,0.0,0.0,0.0,0.0,0.0,0.0,0.0
26021,Trey Amos,WAS,7,0.0,0.0,0.0,0.0,0.0,0.0,0.0
23386,Arnold Ebiketie,ATL,7,0.0,0.0,0.0,0.0,0.0,0.0,0.0
23432,Zyon McCollum,TB,7,0.0,0.0,0.0,0.0,0.0,0.0,0.0
26035,Jacob Parrish,TB,7,0.0,0.0,0.0,0.0,0.0,0.0,0.0
26013,Nick Emmanwori,SEA,7,0.0,0.0,0.0,0.0,0.0,0.0,0.0
18916,T.J. Watt,PIT,7,0.0,0.0,0.0,0.0,0.0,0.0,0.0
18878,Alvin Kamara,NO,7,0.0,43.0,2.4,0.0,0.0,45.4,0.0
19017,Josh Reynolds,NYJ,7,0.0,0.0,44.5,0.0,0.0,44.5,0.0
25964,Elic Ayomanor,TEN,7,0.0,0.0,44.5,0.0,0.0,44.5,0.0
21785,Noah Gray,KC,7,0.0,0.0,43.0,0.0,0.0,43.0,0.0
23737,Tanner Conner,MIA,7,0.0,0.0,43.0,0.0,0.0,43.0,0.0
14895,Geno Smith,LV,7,102.9,2.4,0.0,0.0,0.0,105.30000000000001,0.0
16815,Ameer Abdullah,IND,7,0.0,29.2,12.3,0.0,0.0,41.5,0.0
21756,Nico Collins,HOU,7,0.0,0.0,41.5,0.0,0.0,41.5,0.0
22868,Joseph Ossai,CIN,7,0.0,0.0,0.0,0.0,0.0,0.0,0.0
23346,Dax Hill,CIN,7,0.0,0.0,0.0,0.0,0.0,0.0,0.0
21982,Patrick Queen,PIT,7,0.0,0.0,0.0,0.0,0.0,0.0,0.0
24201,Nick Herbig,PIT,7,0.0,0.0,0.0,0.0,0.0,0.0,0.0
20007,Foyesade Oluokun,JAX,7,0.0,0.0,0.0,0.0,0.0,0.0,0.0
24945,Maason Smith,JAX,7,0.0,0.0,0.0,0.0,0.0,0.0,0.0
24252,Isaiah McGuire,CLE,7,0.0,0.0,0.0,0.0,0.0,0.0,0.0
25148,Chris Roland-Wallace,KC,7,0.0,0.0,0.0,0.0,0.0,0.0,0.0
22796,Charles Snowden,LV,7,0.0,0.0,0.0,0.0,0.0,0.0,0.0
19829,Minkah Fitzpatrick,MIA,7,0.0,0.0,0.0,0.0,0.0,0.0,0.0
22569,Dee Eskridge,MIA,7,0.0,0.0,69.1,0.0,2.4,69.1,0.0
22044,Jeff Okudah,MIN,7,0.0,0.0,0.0,0.0,0.0,0.0,0.0
25348,Levi Drake Rodriguez,MIN,7,0.0,0.0,0.0,0.0,0.0,0.0,0.0
23017,Christian Elliss,NE,7,0.0,0.0,0.0,0.0,0.0,0.0,0.0
20776,Carl Granderson,NO,7,0.0,0.0,0.0,0.0,0.0,0.0,0.0
25204,Braiden McGregor,NYJ,7,0.0,0.0,0.0,0.0,0.0,0.0,0.0
18924,Adoree' Jackson,PHI,7,0.0,0.0,0.0,0.0,0.0,0.0,0.0
21025,Cody Barton,TEN,7,0.0,0.0,0.0,0.0,0.0,0.0,0.0
23681,Darrell Baker Jr.,TEN,7,0.0,0.0,0.0,0.0,0.0,0.0,0.0
23290,Nik Bonitto,DEN,7,0.0,0.0,0.0,0.0,0.0,0.0,0.0
16809,Denzel Perryman,LAC,7,0.0,0.0,0.0,0.0,0.0,0.0,0.0
26183,RJ Mickens,LAC,7,0.0,0.0,0.0,0.0,0.0,0.0,0.0
20852,Dexter Lawrence II,NYG,7,0.0,0.0,0.0,0.0,0.0,0.0,0.0
24183,Deonte Banks,NYG,7,0.0,0.0,0.0,0.0,0.0,0.0,0.0
19918,Josh Sweat,ARI,7,0.0,0.0,0.0,0.0,0.0,0.0,0.0
26173,Warren Brinson,GB,7,0.0,0.0,0.0,0.0,0.0,0.0,0.0
24997,Brandon Dorlus,ATL,7,0.0,0.0,0.0,0.0,0.0,0.0,0.0
22922,Jason Pinnock,SF,7,0.0,0.0,0.0,0.0,0.0,0.0,0.0
19105,Al-Quadin Muhammad,DET,7,0.0,0.0,0.0,0.0,0.0,0.0,0.0
25875,Mitchell Evans,CAR,7,0.0,0.0,36.9,0.0,0.0,36.9,0.0
25869,Colston Loveland,CHI,7,0.0,0.0,36.9,0.0,0.0,36.9,0.0
24984,Jamari Thrash,CLE,7,0.0,0.0,35.3,0.0,0.0,35.3,0.0
25925,Tre' Harris,LAC,7,0.0,0.0,35.3,0.0,0.0,35.3,0.0
23010,Brock Wright,DET,7,0.0,0.0,35.3,0.0,0.0,35.3,0.0
19207,Tim Patrick,JAX,7,0.0,0.0,33.8,0.0,0.0,33.8,0.0
25898,Bhayshul Tuten,JAX,7,0.0,33.8,0.0,0.0,0.0,33.8,0.0
12841,Andy Dalton,CAR,7,92.2,-3.1,0.0,0.0,0.0,89.10000000000001,0.0
26032,Elijah Arroyo,SEA,7,0.0,0.0,64.5,0.0,2.4,64.5,0.0
12831,Tyrod Taylor,NYJ,7,193.5,16.9,0.0,0.0,0.0,210.4,0.0
26048,Quinn Ewers,MIA,7,81.4,0.0,0.0,0.0,0.0,81.4,0.0
26044,Luther Burden III,CHI,7,0.0,-1.5,33.8,0.0,0.0,32.3,0.0
22003,Logan Wilson,CIN,7,0.0,0.0,0.0,0.0,0.0,0.0,0.0
22835,Cam Sample,CIN,7,0.0,0.0,0.0,0.0,0.0,0.0,0.0
25012,Kris Jenkins Jr.,CIN,7,0.0,0.0,0.0,0.0,0.0,0.0,0.0
21897,Alex Highsmith,PIT,7,0.0,0.0,0.0,0.0,0.0,0.0,0.0
26015,Jack Sawyer,PIT,7,0.0,0.0,0.0,0.0,0.0,0.0,0.0
22877,Greg Newsome II,JAX,7,0.0,0.0,0.0,0.0,0.0,0.0,0.0
23552,Cobie Durant,LAR,7,0.0,0.0,0.0,0.0,0.0,0.0,0.0
25131,Josh Wallace,LAR,7,0.0,0.0,0.0,0.0,0.0,0.0,0.0
25218,Braden Fiske,LAR,7,0.0,0.0,0.0,0.0,0.0,0.0,0.0
21909,D.J. Wonnum,CAR,7,0.0,0.0,0.0,0.0,0.0,0.0,0.0
22721,Bobby Brown III,CAR,7,0.0,0.0,0.0,0.0,0.0,0.0,0.0
23446,D'Marco Jackson,CHI,7,0.0,0.0,0.0,0.0,0.0,0.0,0.0
21015,Maxx Crosby,LV,7,0.0,0.0,0.0,0.0,0.0,0.0,0.0
22786,Eric Stokes,LV,7,0.0,0.0,0.0,0.0,0.0,0.0,0.0
24465,Cory Durden,NE,7,0.0,0.0,0.0,0.0,0.0,0.0,0.0
22838,Chris Rumph II,NO,7,0.0,0.0,0.0,0.0,0.0,0.0,0.0
24506,Blake Grupe,NO,7,0.0,0.0,0.0,0.0,0.0,0.0,0.0
19900,Harrison Phillips,NYJ,7,0.0,0.0,0.0,0.0,0.0,0.0,0.0
22864,Patrick Johnson,PHI,7,0.0,0.0,0.0,0.0,0.0,0.0,0.0
21934,L'Jarius Sneed,TEN,7,0.0,0.0,0.0,0.0,0.0,0.0,0.0
24686,Nate Adkins,DEN,7,0.0,0.0,30.7,0.0,0.0,30.7,0.0
20050,Chris Lammons,IND,7,0.0,0.0,0.0,0.0,0.0,0.0,0.0
22689,Kwity Paye,IND,7,0.0,0.0,0.0,0.0,0.0,0.0,0.0
24608,Austin Ajiake,IND,7,0.0,0.0,0.0,0.0,0.0,0.0,0.0
25016,JT Tuimoloau,IND,7,0.0,0.0,0.0,0.0,0.0,0.0,0.0
22867,Odafe Oweh,LAC,7,0.0,0.0,0.0,0.0,0.0,0.0,0.0
24085,Tuli Tuipulotu,LAC,7,0.0,0.0,0.0,0.0,0.0,0.0,0.0
25678,Jude McAtamney,NYG,7,0.0,0.0,0.0,0.0,0.0,0.0,0.0
26016,Abdul Carter,NYG,7,0.0,0.0,0.0,0.0,0.0,0.0,0.0
26052,Will Johnson,ARI,7,0.0,0.0,0.0,0.0,0.0,0.0,0.0
23617,James Houston,DAL,7,0.0,0.0,0.0,0.0,0.0,0.0,0.0
26110,Alijah Clark,DAL,7,0.0,0.0,0.0,0.0,0.0,0.0,0.0
25249,Ty'Ron Hopper,GB,7,0.0,0.0,0.0,0.0,0.0,0.0,0.0
20769,Matt Gay,WAS,7,0.0,0.0,0.0,0.0,0.0,0.0,0.0
25041,Jer'Zhan Newton,WAS,7,0.0,0.0,0.0,0.0,0.0,0.0,0.0
18042,David Onyemata,ATL,7,0.0,0.0,0.0,0.0,0.0,0.0,0.0
25280,Ruke Orhorhoro,ATL,7,0.0,0.0,0.0,0.0,0.0,0.0,0.0
23560,Chase Lucas,SF,7,0.0,0.0,0.0,0.0,0.0,0.0,0.0
18083,DJ Reader,DET,7,0.0,0.0,0.0,0.0,0.0,0.0,0.0
24988,Chris Braswell,TB,7,0.0,0.0,0.0,0.0,0.0,0.0,0.0
24112,Henry To'oTo'o,HOU,7,0.0,0.0,0.0,0.0,0.0,0.0,0.0
18032,Tyler Higbee,LAR,7,0.0,0.0,29.2,0.0,0.0,29.2,0.0
23231,Tyler Badie,DEN,7,0.0,0.0,29.2,0.0,0.0,29.2,0.0
18944,Kareem Hunt,KC,7,0.0,27.6,0.0,0.0,0.0,27.6,0.0
25090,Terrell Jennings,NE,7,0.0,27.6,0.0,0.0,0.0,27.6,0.0
19863,Dallas Goedert,PHI,7,0.0,0.0,27.6,0.0,0.0,27.6,0.0
16830,Tyler Lockett,TEN,7,0.0,0.0,27.6,0.0,0.0,27.6,0.0
25039,Roman Wilson,PIT,7,0.0,0.0,26.1,0.0,0.0,26.1,0.0
21692,Jerry Jeudy,CLE,7,0.0,0.0,26.1,0.0,0.0,26.1,0.0
24979,Malachi Corley,CLE,7,0.0,0.0,26.1,0.0,0.0,26.1,0.0
25889,Dylan Sampson,CLE,7,0.0,12.3,13.8,0.0,0.0,26.1,0.0
24180,DeMario Douglas,NE,7,0.0,0.0,26.1,0.0,0.0,26.1,0.0
24068,KaVontae Turpin,DAL,7,0.0,0.0,26.1,0.0,0.0,26.1,0.0
25304,Casey Washington,ATL,7,0.0,0.0,26.1,0.0,0.0,26.1,0.0
18422,Kalif Raymond,DET,7,0.0,0.0,26.1,0.0,0.0,26.1,0.0
22509,Hunter Long,JAX,7,0.0,0.0,24.6,0.0,0.0,24.6,0.0
21772,Cole Kmet,CHI,7,0.0,0.0,24.6,0.0,0.0,24.6,0.0
21734,Nick Westbrook-Ikhine,MIA,7,0.0,0.0,24.6,0.0,0.0,24.6,0.0
20145,Allen Lazard,NYJ,7,0.0,0.0,24.6,0.0,0.0,24.6,0.0
22597,Jalen Tolbert,DAL,7,0.0,0.0,24.6,0.0,0.0,24.6,0.0
23250,Tyler Allgeier,ATL,7,0.0,24.6,0.0,0.0,0.0,24.6,0.0
19902,Oren Burks,CIN,7,0.0,0.0,0.0,0.0,0.0,0.0,0.0
24132,Myles Murphy,CIN,7,0.0,0.0,0.0,0.0,0.0,0.0,0.0
22562,Kenneth Gainwell,PIT,7,0.0,21.5,2.4,0.0,0.0,23.9,0.0
17958,Emmanuel Ogbah,JAX,7,0.0,0.0,0.0,0.0,0.0,0.0,0.0
18333,Austin Johnson,JAX,7,0.0,0.0,0.0,0.0,0.0,0.0,0.0
24743,Xavier Smith,LAR,7,0.0,0.0,23.0,0.0,0.0,23.0,0.0
25542,Omar Speights,LAR,7,0.0,0.0,0.0,0.0,0.0,0.0,0.0
25982,Jimmy Horn Jr.,CAR,7,0.0,10.8,12.3,0.0,0.0,23.1,0.0
17968,Andrew Billings,CHI,7,0.0,0.0,0.0,0.0,0.0,0.0,0.0
24001,Tre Avery,CLE,7,0.0,0.0,0.0,0.0,0.0,0.0,0.0
22095,Mike Danna,KC,7,0.0,0.0,0.0,0.0,0.0,0.0,0.0
22714,Nick Bolton,KC,7,0.0,0.0,0.0,0.0,0.0,0.0,0.0
24241,Chamarri Conner,KC,7,0.0,0.0,0.0,0.0,0.0,0.0,0.0
24969,Jaden Hicks,KC,7,0.0,0.0,0.0,0.0,0.0,0.0,0.0
23602,Tristin McCollum,LV,7,0.0,0.0,0.0,0.0,0.0,0.0,0.0
22598,Jaylen Waddle,MIA,7,0.0,0.0,23.0,0.0,0.0,23.0,0.0
22910,Ifeatu Melifonwu,MIA,7,0.0,0.0,0.0,0.0,0.0,0.0,0.0
22139,Isaiah Rodgers,MIN,7,0.0,0.0,0.0,0.0,0.0,0.0,0.0
20646,Robert Spillane,NE,7,0.0,0.0,0.0,0.0,0.0,0.0,0.0
21926,Kyle Dugger,NE,7,0.0,0.0,0.0,0.0,0.0,0.0,0.0
22778,Khyiris Tonga,NE,7,0.0,0.0,0.0,0.0,0.0,0.0,0.0
13338,Cameron Jordan,NO,7,0.0,0.0,0.0,0.0,0.0,0.0,0.0
19887,Nathan Shepherd,NO,7,0.0,0.0,0.0,0.0,0.0,0.0,0.0
21989,Mykal Walker,NYJ,7,0.0,0.0,0.0,0.0,0.0,0.0,0.0
24276,Will McDonald IV,NYJ,7,0.0,0.0,0.0,0.0,0.0,0.0,0.0
20940,Jeffery Simmons,TEN,7,0.0,0.0,0.0,0.0,0.0,0.0,0.0
23531,Eyioma Uwazurike,DEN,7,0.0,0.0,0.0,0.0,0.0,0.0,0.0
22866,Naquan Jones,LAC,7,0.0,0.0,0.0,0.0,0.0,0.0,0.0
22788,Victor Dimukeje,NYG,7,0.0,0.0,0.0,0.0,0.0,0.0,0.0
26131,Darius Alexander,NYG,7,0.0,0.0,0.0,0.0,0.0,0.0,0.0
18938,Dalvin Tomlinson,ARI,7,0.0,0.0,0.0,0.0,0.0,0.0,0.0
25299,Darius Robinson,ARI,7,0.0,0.0,0.0,0.0,0.0,0.0,0.0
24282,Karl Brooks,GB,7,0.0,0.0,0.0,0.0,0.0,0.0,0.0
24309,Emanuel Wilson,GB,7,0.0,26.1,-3.1,0.0,0.0,23.0,0.0
16799,Preston Smith,WAS,7,0.0,0.0,0.0,0.0,0.0,0.0,0.0
22075,A.J. Terrell Jr.,ATL,7,0.0,0.0,0.0,0.0,0.0,0.0,0.0
23168,Skyy Moore,SF,7,0.0,0.0,23.0,0.0,0.0,23.0,0.0
25192,Renardo Green,SF,7,0.0,0.0,0.0,0.0,0.0,0.0,0.0
25996,Mykel Williams,SF,7,0.0,0.0,0.0,0.0,0.0,0.0,0.0
26174,Marques Sigle,SF,7,0.0,0.0,0.0,0.0,0.0,0.0,0.0
22906,Alim McNeill,DET,7,0.0,0.0,0.0,0.0,0.0,0.0,0.0
22928,Roy Lopez,DET,7,0.0,0.0,0.0,0.0,0.0,0.0,0.0
23141,Sam LaPorta,DET,7,0.0,0.0,23.0,0.0,0.0,23.0,0.0
25628,Loren Strickland,DET,7,0.0,0.0,0.0,0.0,0.0,0.0,0.0
17949,Sheldon Rankins,HOU,7,0.0,0.0,0.0,0.0,0.0,0.0,0.0
24280,Dylan Horton,HOU,7,0.0,0.0,0.0,0.0,0.0,0.0,0.0
19318,Kendrick Bourne,SF,7,0.0,0.0,21.5,0.0,0.0,21.5,0.0
24471,Ryan Miller,TB,7,0.0,0.0,21.5,0.0,0.0,21.5,0.0
25894,Jack Bech,LV,7,0.0,0.0,20.0,0.0,0.0,20.0,0.0
25953,Ollie Gordon II,MIA,7,0.0,16.9,4.7,0.0,0.0,21.599999999999998,0.0
24347,Xavier Hutchinson,HOU,7,0.0,0.0,20.0,0.0,0.0,20.0,0.0
18882,Cooper Kupp,SEA,7,0.0,0.0,49.2,0.0,0.0,49.2,0.0
24372,Roschon Johnson,CHI,7,0.0,16.9,0.0,0.0,0.0,16.9,0.0
21795,Luke Farrell,SF,7,0.0,0.0,16.9,0.0,0.0,16.9,0.0
19798,Nick Chubb,HOU,7,0.0,24.6,-7.7,0.0,0.0,16.900000000000002,0.0
22739,Marco Wilson,CIN,7,0.0,0.0,0.0,0.0,0.0,0.0,0.0
22803,T.J. Slaton Jr.,CIN,7,0.0,0.0,0.0,0.0,0.0,0.0,0.0
24497,DJ Ivey,CIN,7,0.0,0.0,0.0,0.0,0.0,0.0,0.0
25023,Josh Newton,CIN,7,0.0,0.0,0.0,0.0,0.0,0.0,0.0
25994,Derrick Harmon,PIT,7,0.0,0.0,0.0,0.0,0.0,0.0,0.0
18959,Dawuane Smoot,JAX,7,0.0,0.0,0.0,0.0,0.0,0.0,0.0
20085,Dennis Gardeck,JAX,7,0.0,0.0,0.0,0.0,0.0,0.0,0.0
24091,Antonio Johnson,JAX,7,0.0,0.0,0.0,0.0,0.0,0.0,0.0
24960,Cam Little,JAX,7,0.0,0.0,0.0,0.0,0.0,0.0,0.0
21332,Troy Reeder,LAR,7,0.0,0.0,0.0,0.0,0.0,0.0,0.0
26220,Ty Hamilton,LAR,7,0.0,0.0,0.0,0.0,0.0,0.0,0.0
26167,Lathan Ransom,CAR,7,0.0,0.0,0.0,0.0,0.0,0.0,0.0
22279,Chris Williams,CHI,7,0.0,0.0,0.0,0.0,0.0,0.0,0.0
17997,Maliek Collins,CLE,7,0.0,0.0,0.0,0.0,0.0,0.0,0.0
23205,Jerome Ford,CLE,7,0.0,0.0,15.4,0.0,0.0,15.4,0.0
26514,Dom Jones,CLE,7,0.0,0.0,0.0,0.0,0.0,0.0,0.0
26644,Easton Mascarenas-Arnold,CLE,7,0.0,0.0,0.0,0.0,0.0,0.0,0.0
20968,Drue Tranquill,KC,7,0.0,0.0,0.0,0.0,0.0,0.0,0.0
23259,George Karlaftis,KC,7,0.0,0.0,0.0,0.0,0.0,0.0,0.0
23296,Leo Chenal,KC,7,0.0,0.0,0.0,0.0,0.0,0.0,0.0
23427,Jaylen Watson,KC,7,0.0,0.0,0.0,0.0,0.0,0.0,0.0
26125,Ashton Gillotte,KC,7,0.0,0.0,0.0,0.0,0.0,0.0,0.0
26179,Nohl Williams,KC,7,0.0,0.0,0.0,0.0,0.0,0.0,0.0
26658,Cooper McDonald,KC,7,0.0,0.0,0.0,0.0,0.0,0.0,0.0
22050,Darnay Holmes,LV,7,0.0,0.0,0.0,0.0,0.0,0.0,0.0
23140,Michael Mayer,LV,7,0.0,0.0,15.4,0.0,0.0,15.4,0.0
18982,Rasul Douglas,MIA,7,0.0,0.0,0.0,0.0,0.0,0.0,0.0
23513,Matthew Butler,MIA,7,0.0,0.0,0.0,0.0,0.0,0.0,0.0
24949,Chop Robinson,MIA,7,0.0,0.0,0.0,0.0,0.0,0.0,0.0
26036,Jordan Phillips,MIA,7,0.0,0.0,0.0,0.0,0.0,0.0,0.0
15534,Adam Thielen,MIN,7,0.0,0.0,15.4,0.0,0.0,15.4,0.0
24265,Ivan Pace Jr.,MIN,7,0.0,0.0,0.0,0.0,0.0,0.0,0.0
24003,Jack Gibbens,NE,7,0.0,0.0,0.0,0.0,0.0,0.0,0.0
26260,Elijah Ponder,NE,7,0.0,0.0,0.0,0.0,0.0,0.0,0.0
18002,Jonathan Bullard,NO,7,0.0,0.0,0.0,0.0,0.0,0.0,0.0
19053,Davon Godchaux,NO,7,0.0,0.0,0.0,0.0,0.0,0.0,0.0
22753,Pete Werner,NO,7,0.0,0.0,0.0,0.0,0.0,0.0,0.0
25335,Khristian Boyd,NO,7,0.0,0.0,0.0,0.0,0.0,0.0,0.0
19868,Isaiah Oliver,NYJ,7,0.0,0.0,0.0,0.0,0.0,0.0,0.0
23393,Micheal Clemons,NYJ,7,0.0,0.0,0.0,0.0,0.0,0.0,0.0
23193,Tank Bigsby,PHI,7,0.0,16.9,-1.5,0.0,0.0,15.399999999999999,0.0
26042,Kevin Winston Jr.,TEN,7,0.0,0.0,0.0,0.0,0.0,0.0,0.0
22692,Pat Surtain II,DEN,7,0.0,0.0,0.0,0.0,0.0,0.0,0.0
23420,Riley Moss,DEN,7,0.0,0.0,0.0,0.0,0.0,0.0,0.0
19016,Samson Ebukam,IND,7,0.0,0.0,0.0,0.0,0.0,0.0,0.0
23627,Rodney Thomas II,IND,7,0.0,0.0,0.0,0.0,0.0,0.0,0.0
24213,Cameron Mitchell,IND,7,0.0,0.0,0.0,0.0,0.0,0.0,0.0
24258,Adetomiwa Adebawore,IND,7,0.0,0.0,0.0,0.0,0.0,0.0,0.0
16783,Bud Dupree,LAC,7,0.0,0.0,0.0,0.0,0.0,0.0,0.0
24262,Daiyan Henley,LAC,7,0.0,0.0,0.0,0.0,0.0,0.0,0.0
17512,Rakeem Nuñez-Roches Sr.,NYG,7,0.0,0.0,0.0,0.0,0.0,0.0,0.0
22727,Baron Browning,ARI,7,0.0,0.0,0.0,0.0,0.0,0.0,0.0
24426,PJ Mustipher,ARI,7,0.0,0.0,0.0,0.0,0.0,0.0,0.0
18904,Solomon Thomas,DAL,7,0.0,0.0,0.0,0.0,0.0,0.0,0.0
21123,Donovan Wilson,DAL,7,0.0,0.0,0.0,0.0,0.0,0.0,0.0
26206,Nazir Stackhouse,GB,7,0.0,0.0,0.0,0.0,0.0,0.0,0.0
12787,Nick Bellore,WAS,7,0.0,0.0,0.0,0.0,0.0,0.0,0.0
22767,Divine Deablo,ATL,7,0.0,0.0,0.0,0.0,0.0,0.0,0.0
23274,Dee Alford,ATL,7,0.0,0.0,0.0,0.0,0.0,0.0,0.0
26017,James Pearce Jr.,ATL,7,0.0,0.0,0.0,0.0,0.0,0.0,0.0
22059,Jordan Elliott,SF,7,0.0,0.0,0.0,0.0,0.0,0.0,0.0
23577,Kalia Davis,SF,7,0.0,0.0,0.0,0.0,0.0,0.0,0.0
18956,Zach Cunningham,DET,7,0.0,0.0,0.0,0.0,0.0,0.0,0.0
26224,Tyleik Williams,DET,7,0.0,0.0,0.0,0.0,0.0,0.0,0.0
18909,Haason Reddick,TB,7,0.0,0.0,0.0,0.0,0.0,0.0,0.0
23381,Boye Mafe,SEA,7,0.0,0.0,0.0,0.0,0.0,0.0,0.0
21138,Scotty Miller,PIT,7,0.0,0.0,13.8,0.0,0.0,13.8,0.0
19165,Johnny Mundt,JAX,7,0.0,0.0,13.8,0.0,0.0,13.8,0.0
25201,Jordan Whittington,LAR,7,0.0,0.0,13.8,0.0,0.0,13.8,0.0
21142,Olamide Zaccheaus,CHI,7,0.0,0.0,13.8,0.0,0.0,13.8,0.0
20899,Josh Oliver,MIN,7,0.0,0.0,13.8,0.0,0.0,13.8,0.0
25106,AJ Barner,SEA,7,0.0,4.7,10.8,0.0,0.0,15.5,0.0
19238,Taysom Hill,NO,7,0.0,-6.1,18.4,0.0,0.0,12.299999999999999,0.0
24954,Adonai Mitchell,IND,7,0.0,0.0,12.3,0.0,0.0,12.3,0.0
14901,Kyle Juszczyk,SF,7,0.0,-3.1,15.4,0.0,0.0,12.3,0.0
24238,Kendre Miller,NO,7,0.0,10.8,0.0,0.0,0.0,10.8,0.0
25102,Will Shipley,PHI,7,0.0,0.0,10.8,0.0,0.0,10.8,0.0
24595,Zavier Scott,MIN,7,0.0,9.4,4.7,0.0,0.0,14.100000000000001,0.0
25975,Pat Bryant,DEN,7,0.0,0.0,14.2,0.0,0.0,14.2,0.0
18900,Mo Alie-Cox,IND,7,0.0,0.0,14.2,0.0,0.0,14.2,0.0
23614,John FitzPatrick,GB,7,0.0,0.0,14.2,0.0,0.0,14.2,0.0
24194,Sean Tucker,TB,7,0.0,9.4,4.7,0.0,0.0,14.100000000000001,0.0
16486,Mike Pennel,CIN,7,0.0,0.0,0.0,0.0,0.0,0.0,0.0
23316,Travon Walker,JAX,7,0.0,0.0,0.0,0.0,0.0,0.0,0.0
22295,Tershawn Wharton,CAR,7,0.0,0.0,0.0,0.0,0.0,0.0,0.0
23527,LaBryan Ray,CAR,7,0.0,0.0,0.0,0.0,0.0,0.0,0.0
22874,Dayo Odeyingbo,CHI,7,0.0,0.0,0.0,0.0,0.0,0.0,0.0
23329,Cameron Thomas,CLE,7,0.0,0.0,0.0,0.0,0.0,0.0,0.0
26421,Adin Huntington,CLE,7,0.0,0.0,0.0,0.0,0.0,0.0,0.0
19880,Derrick Nnadi,KC,7,0.0,0.0,0.0,0.0,0.0,0.0,0.0
20901,Charles Omenihu,KC,7,0.0,0.0,0.0,0.0,0.0,0.0,0.0
23424,Bryan Cook,KC,7,0.0,0.0,0.0,0.0,0.0,0.0,0.0
21868,Benito Jones,MIA,7,0.0,0.0,0.0,0.0,0.0,0.0,0.0
18017,Javon Hargrave,MIN,7,0.0,0.0,0.0,0.0,0.0,0.0,0.0
18652,C.J. Ham,MIN,7,0.0,0.0,11.8,0.0,0.0,11.8,0.0
26680,Elijah Williams,MIN,7,0.0,0.0,0.0,0.0,0.0,0.0,0.0
21933,Jaylinn Hawkins,NE,7,0.0,0.0,0.0,0.0,0.0,0.0,0.0
23245,TreVeyon Henderson,NE,7,0.0,11.8,0.0,0.0,0.0,11.8,0.0
24256,Keion White,NE,7,0.0,0.0,0.0,0.0,0.0,0.0,0.0
26039,Joshua Farmer,NE,7,0.0,0.0,0.0,0.0,0.0,0.0,0.0
26135,Craig Woodson,NE,7,0.0,0.0,0.0,0.0,0.0,0.0,0.0
21922,Terrell Burgess,NO,7,0.0,0.0,0.0,0.0,0.0,0.0,0.0
21422,Shy Tuttle,TEN,7,0.0,0.0,0.0,0.0,0.0,0.0,0.0
19878,Tyquan Lewis,IND,7,0.0,0.0,0.0,0.0,0.0,0.0,0.0
23273,Hassan Haskins,LAC,7,0.0,7.1,4.7,0.0,0.0,11.8,0.0
23260,Kayvon Thibodeaux,NYG,7,0.0,0.0,0.0,0.0,0.0,0.0,0.0
19930,Bilal Nichols,ARI,7,0.0,0.0,0.0,0.0,0.0,0.0,0.0
21071,Greg Dortch,ARI,7,0.0,0.0,11.8,0.0,0.0,11.8,0.0
22829,Darren Hall,ARI,7,0.0,0.0,0.0,0.0,0.0,0.0,0.0
22873,Osa Odighizuwa,DAL,7,0.0,0.0,0.0,0.0,0.0,0.0,0.0
24146,Mazi Smith,DAL,7,0.0,0.0,0.0,0.0,0.0,0.0,0.0
23253,Dontayvion Wicks,GB,7,0.0,0.0,11.8,0.0,0.0,11.8,0.0
21867,Javon Kinlaw,WAS,7,0.0,0.0,0.0,0.0,0.0,0.0,0.0
22657,John Bates,WAS,7,0.0,0.0,11.8,0.0,0.0,11.8,0.0
23388,DeAngelo Malone,ATL,7,0.0,0.0,0.0,0.0,0.0,0.0,0.0
17961,Sterling Shepard,TB,7,0.0,0.0,38.4,0.0,2.4,38.4,0.0
17983,Deion Jones,TB,7,0.0,0.0,0.0,0.0,0.0,0.0,0.0
20764,Greg Gaines,TB,7,0.0,0.0,0.0,0.0,0.0,0.0,0.0
20002,Tim Settle Jr.,HOU,7,0.0,0.0,0.0,0.0,0.0,0.0,0.0
17981,Jarran Reed,SEA,7,0.0,0.0,0.0,0.0,0.0,0.0,0.0
24582,Brandon Pili,SEA,7,0.0,0.0,0.0,0.0,0.0,0.0,0.0
25986,LeQuint Allen Jr.,JAX,7,0.0,0.0,9.4,0.0,0.0,9.4,0.0
24148,Davis Allen,LAR,7,0.0,0.0,9.4,0.0,0.0,9.4,0.0
24354,Blake Whiteheart,CLE,7,0.0,0.0,9.4,0.0,0.0,9.4,0.0
25054,Dylan Laube,LV,7,0.0,7.1,2.4,0.0,0.0,9.5,0.0
26276,Carter Runyon,LV,7,0.0,0.0,7.1,0.0,0.0,7.1,0.0
16568,Brandin Cooks,NO,7,0.0,0.0,7.1,0.0,0.0,7.1,0.0
25126,Anthony Gould,IND,7,0.0,0.0,7.1,0.0,0.0,7.1,0.0
24449,Elijah Higgins,ARI,7,0.0,0.0,7.1,0.0,0.0,7.1,0.0
24278,Hunter Luepke,DAL,7,0.0,0.0,7.1,0.0,0.0,7.1,0.0
24339,Jake Bobo,SEA,7,0.0,0.0,7.1,0.0,0.0,7.1,0.0
19025,Joshua Dobbs,NE,7,18.4,-3.1,0.0,0.0,0.0,15.299999999999999,0.0
17217,Raheem Mostert,LV,7,0.0,0.0,4.7,0.0,0.0,4.7,0.0
20941,Devin Singletary,NYG,7,0.0,4.7,0.0,0.0,0.0,4.7,0.0
24463,Julian Hill,MIA,7,0.0,0.0,2.4,0.0,0.0,2.4,0.0
25888,Devin Neal,NO,7,0.0,2.4,0.0,0.0,0.0,2.4,0.0
18137,Ted Karras,CIN,7,0.0,0.0,0.0,0.0,0.0,0.0,0.0
18710,Lucas Patrick,CIN,7,0.0,0.0,0.0,0.0,0.0,0.0,0.0
18981,Trey Hendrickson,CIN,7,0.0,0.0,0.0,0.0,0.0,0.0,0.0
19814,Orlando Brown Jr.,CIN,7,0.0,0.0,0.0,0.0,0.0,0.0,0.0
20506,Tanner Hudson,CIN,7,0.0,0.0,0.0,0.0,0.0,0.0,0.0
20760,Cody Ford,CIN,7,0.0,0.0,0.0,0.0,0.0,0.0,0.0
20926,Dalton Risner,CIN,7,0.0,0.0,0.0,0.0,0.0,0.0,0.0
20931,Drew Sample,CIN,7,0.0,0.0,0.0,0.0,0.0,0.0,0.0
21046,Jake Browning,CIN,7,0.0,0.0,0.0,0.0,0.0,0.0,0.0
23158,Jermaine Burton,CIN,7,0.0,0.0,0.0,0.0,0.0,0.0,0.0
23417,Cam Taylor-Britt,CIN,7,0.0,0.0,0.0,0.0,0.0,0.0,0.0
23429,Tycen Anderson,CIN,7,0.0,0.0,0.0,0.0,0.0,0.0,0.0
24122,Charlie Jones,CIN,7,0.0,0.0,0.0,0.0,0.0,0.0,0.0
24236,Isaiah Foskey,CIN,7,0.0,0.0,0.0,0.0,0.0,0.0,0.0
24342,Mitchell Tinsley,CIN,7,0.0,0.0,0.0,0.0,0.0,0.0,0.0
24412,Shaka Heyward,CIN,7,0.0,0.0,0.0,0.0,0.0,0.0,0.0
24955,Amarius Mims,CIN,7,0.0,0.0,0.0,0.0,0.0,0.0,0.0
25118,Ryan Rehkow,CIN,7,0.0,0.0,0.0,0.0,0.0,0.0,0.0
25167,McKinnley Jackson,CIN,7,0.0,0.0,0.0,0.0,0.0,0.0,0.0
25174,Jordan Jefferson,CIN,7,0.0,0.0,0.0,0.0,0.0,0.0,0.0
25268,Matt Lee,CIN,7,0.0,0.0,0.0,0.0,0.0,0.0,0.0
25507,PJ Jules,CIN,7,0.0,0.0,0.0,0.0,0.0,0.0,0.0
25513,Cam Grandy,CIN,7,0.0,0.0,0.0,0.0,0.0,0.0,0.0
25949,Tahj Brooks,CIN,7,0.0,0.0,0.0,0.0,0.0,0.0,0.0
25991,Shemar Stewart,CIN,7,0.0,0.0,0.0,0.0,0.0,0.0,0.0
26031,Dylan Fairchild,CIN,7,0.0,0.0,0.0,0.0,0.0,0.0,0.0
26235,Jalen Rivers,CIN,7,0.0,0.0,0.0,0.0,0.0,0.0,0.0
26552,William Wagner,CIN,7,0.0,0.0,0.0,0.0,0.0,0.0,0.0
16774,Andrus Peat,PIT,7,0.0,0.0,0.0,0.0,0.0,0.0,0.0
18009,Isaac Seumalo,PIT,7,0.0,0.0,0.0,0.0,0.0,0.0,0.0
18902,Jabrill Peppers,PIT,7,0.0,0.0,0.0,0.0,0.0,0.0,0.0
19749,Christian Kuntz,PIT,7,0.0,0.0,0.0,0.0,0.0,0.0,0.0
19850,Mason Rudolph,PIT,7,0.0,0.0,0.0,0.0,0.0,0.0,0.0
20269,Daniel Ekuale,PIT,7,0.0,0.0,0.0,0.0,0.0,0.0,0.0
21228,Calvin Anderson,PIT,7,0.0,0.0,0.0,0.0,0.0,0.0,0.0
22068,James Pierre,PIT,7,0.0,0.0,0.0,0.0,0.0,0.0,0.0
22218,Corliss Waitman,PIT,7,0.0,0.0,0.0,0.0,0.0,0.0,0.0
22566,Calvin Austin III,PIT,7,0.0,0.0,0.0,0.0,0.0,0.0,0.0
22590,Ben Skowronek,PIT,7,0.0,0.0,0.0,0.0,0.0,0.0,0.0
22947,Ryan McCollum,PIT,7,0.0,0.0,0.0,0.0,0.0,0.0,0.0
23363,DeMarvin Leal,PIT,7,0.0,0.0,0.0,0.0,0.0,0.0,0.0
23394,Esezi Otomewo,PIT,7,0.0,0.0,0.0,0.0,0.0,0.0,0.0
23487,Connor Heyward,PIT,7,0.0,0.0,0.0,0.0,0.0,0.0,0.0
24095,Broderick Jones,PIT,7,0.0,0.0,0.0,0.0,0.0,0.0,0.0
24499,Spencer Anderson,PIT,7,0.0,0.0,0.0,0.0,0.0,0.0,0.0
24996,Zach Frazier,PIT,7,0.0,0.0,0.0,0.0,0.0,0.0,0.0
25006,Troy Fautanu,PIT,7,0.0,0.0,0.0,0.0,0.0,0.0,0.0
25197,Logan Lee,PIT,7,0.0,0.0,0.0,0.0,0.0,0.0,0.0
25276,Mason McCormick,PIT,7,0.0,0.0,0.0,0.0,0.0,0.0,0.0
26040,Kaleb Johnson,PIT,7,0.0,0.0,0.0,0.0,0.0,0.0,0.0
26137,Carson Bruener,PIT,7,0.0,0.0,0.0,0.0,0.0,0.0,0.0
26170,Yahya Black,PIT,7,0.0,0.0,0.0,0.0,0.0,0.0,0.0
26394,Ke'Shawn Williams,PIT,7,0.0,0.0,0.0,0.0,0.0,0.0,0.0
19330,Nick Mullens,JAX,7,0.0,0.0,0.0,0.0,0.0,0.0,0.0
20063,Logan Cooke,JAX,7,0.0,0.0,0.0,0.0,0.0,0.0,0.0
20746,Chuma Edoga,JAX,7,0.0,0.0,0.0,0.0,0.0,0.0,0.0
20934,Khalen Saunders,JAX,7,0.0,0.0,0.0,0.0,0.0,0.0,0.0
21206,Patrick Mekari,JAX,7,0.0,0.0,0.0,0.0,0.0,0.0,0.0
21993,Ezra Cleveland,JAX,7,0.0,0.0,0.0,0.0,0.0,0.0,0.0
22291,Ross Matiscik,JAX,7,0.0,0.0,0.0,0.0,0.0,0.0,0.0
22511,Quintin Morris,JAX,7,0.0,0.0,0.0,0.0,0.0,0.0,0.0
22768,Cole Van Lanen,JAX,7,0.0,0.0,0.0,0.0,0.0,0.0,0.0
22828,Robert Hainsey,JAX,7,0.0,0.0,0.0,0.0,0.0,0.0,0.0
22900,Walker Little,JAX,7,0.0,0.0,0.0,0.0,0.0,0.0,0.0
23437,Devin Lloyd,JAX,7,0.0,0.0,0.0,0.0,0.0,0.0,0.0
24200,Anton Harrison,JAX,7,0.0,0.0,0.0,0.0,0.0,0.0,0.0
24386,Yasir Abdullah,JAX,7,0.0,0.0,0.0,0.0,0.0,0.0,0.0
24483,Christian Braswell,JAX,7,0.0,0.0,0.0,0.0,0.0,0.0,0.0
24552,Kahlef Hailassie,JAX,7,0.0,0.0,0.0,0.0,0.0,0.0,0.0
25049,Cody Schrader,JAX,7,0.0,0.0,0.0,0.0,0.0,0.0,0.0
25172,Jarrian Jones,JAX,7,0.0,0.0,0.0,0.0,0.0,0.0,0.0
26000,Wyatt Milum,JAX,7,0.0,0.0,0.0,0.0,0.0,0.0,0.0
26073,Jack Kiser,JAX,7,0.0,0.0,0.0,0.0,0.0,0.0,0.0
26186,Rayuan Lane III,JAX,7,0.0,0.0,0.0,0.0,0.0,0.0,0.0
26239,Jonah Monheim,JAX,7,0.0,0.0,0.0,0.0,0.0,0.0,0.0
26425,Danny Striggow,JAX,7,0.0,0.0,0.0,0.0,0.0,0.0,0.0
26460,Branson Combs,JAX,7,0.0,0.0,0.0,0.0,0.0,0.0,0.0
26462,B.J. Green II,JAX,7,0.0,0.0,0.0,0.0,0.0,0.0,0.0
14988,David Quessenberry,LAR,7,0.0,0.0,0.0,0.0,0.0,0.0,0.0
16785,D.J. Humphries,LAR,7,0.0,0.0,0.0,0.0,0.0,0.0,0.0
16818,Rob Havenstein,LAR,7,0.0,0.0,0.0,0.0,0.0,0.0,0.0
20185,Poona Ford,LAR,7,0.0,0.0,0.0,0.0,0.0,0.0,0.0
20533,Coleman Shelton,LAR,7,0.0,0.0,0.0,0.0,0.0,0.0,0.0
22132,Kevin Dotson,LAR,7,0.0,0.0,0.0,0.0,0.0,0.0,0.0
22547,Ronnie Rivers,LAR,7,0.0,0.0,0.0,0.0,0.0,0.0,0.0
22602,Tutu Atwell,LAR,7,0.0,0.0,0.0,0.0,0.0,0.0,0.0
22726,Tre Brown,LAR,7,0.0,0.0,0.0,0.0,0.0,0.0,0.0
22847,Alaric Jackson,LAR,7,0.0,0.0,0.0,0.0,0.0,0.0,0.0
24164,Steve Avila,LAR,7,0.0,0.0,0.0,0.0,0.0,0.0,0.0
24172,Puka Nacua,LAR,7,0.0,0.0,0.0,0.0,0.0,0.0,0.0
24237,Warren McClendon Jr.,LAR,7,0.0,0.0,0.0,0.0,0.0,0.0,0.0
24266,Nick Hampton,LAR,7,0.0,0.0,0.0,0.0,0.0,0.0,0.0
24351,Stetson Bennett IV,LAR,7,0.0,0.0,0.0,0.0,0.0,0.0,0.0
24447,Alex Ward,LAR,7,0.0,0.0,0.0,0.0,0.0,0.0,0.0
24455,Desjuan Johnson,LAR,7,0.0,0.0,0.0,0.0,0.0,0.0,0.0
24491,Ethan Evans,LAR,7,0.0,0.0,0.0,0.0,0.0,0.0,0.0
24990,Jarquez Hunter,LAR,7,0.0,0.0,0.0,0.0,0.0,0.0,0.0
25224,Tyler Davis,LAR,7,0.0,0.0,0.0,0.0,0.0,0.0,0.0
25271,Beaux Limmer,LAR,7,0.0,0.0,0.0,0.0,0.0,0.0,0.0
25558,Justin Dedich,LAR,7,0.0,0.0,0.0,0.0,0.0,0.0,0.0
26306,Shaun Dolac,LAR,7,0.0,0.0,0.0,0.0,0.0,0.0,0.0
9162,JJ Jansen,CAR,7,0.0,0.0,0.0,0.0,0.0,0.0,0.0
15125,Sam Martin,CAR,7,0.0,0.0,0.0,0.0,0.0,0.0,0.0
18950,Taylor Moton,CAR,7,0.0,0.0,0.0,0.0,0.0,0.0,0.0
19851,Austin Corbett,CAR,7,0.0,0.0,0.0,0.0,0.0,0.0,0.0
20895,Yosh Nijman,CAR,7,0.0,0.0,0.0,0.0,0.0,0.0,0.0
20924,Hunter Renfrow,CAR,7,0.0,0.0,0.0,0.0,0.0,0.0,0.0
21804,DeeJay Dallas,CAR,7,0.0,0.0,0.0,0.0,0.0,0.0,0.0
22028,Damien Lewis,CAR,7,0.0,0.0,0.0,0.0,0.0,0.0,0.0
22524,James Mitchell,CAR,7,0.0,0.0,0.0,0.0,0.0,0.0,0.0
22662,Tommy Tremble,CAR,7,0.0,0.0,0.0,0.0,0.0,0.0,0.0
22738,Brady Christensen,CAR,7,0.0,0.0,0.0,0.0,0.0,0.0,0.0
22752,Jake Curhan,CAR,7,0.0,0.0,0.0,0.0,0.0,0.0,0.0
22918,Boogie Basham,CAR,7,0.0,0.0,0.0,0.0,0.0,0.0,0.0
23318,Ikem Ekwonu,CAR,7,0.0,0.0,0.0,0.0,0.0,0.0,0.0
23419,Akayleb Evans,CAR,7,0.0,0.0,0.0,0.0,0.0,0.0,0.0
23452,Cade Mays,CAR,7,0.0,0.0,0.0,0.0,0.0,0.0,0.0
24250,Thomas Incoom,CAR,7,0.0,0.0,0.0,0.0,0.0,0.0,0.0
24296,Brycen Tremayne,CAR,7,0.0,0.0,0.0,0.0,0.0,0.0,0.0
24799,Claudin Cherelus,CAR,7,0.0,0.0,0.0,0.0,0.0,0.0,0.0
24947,Ja'Tavion Sanders,CAR,7,0.0,0.0,0.0,0.0,0.0,0.0,0.0
25122,Jalen Coker,CAR,7,0.0,0.0,0.0,0.0,0.0,0.0,0.0
25149,Demani Richardson,CAR,7,0.0,0.0,0.0,0.0,0.0,0.0,0.0
25231,Jaden Crumedy,CAR,7,0.0,0.0,0.0,0.0,0.0,0.0,0.0
25237,Maema Njongmeta,CAR,7,0.0,0.0,0.0,0.0,0.0,0.0,0.0
25293,Nick Samac,CAR,7,0.0,0.0,0.0,0.0,0.0,0.0,0.0
25948,Trevor Etienne,CAR,7,0.0,0.0,0.0,0.0,0.0,0.0,0.0
26129,Cam Jackson,CAR,7,0.0,0.0,0.0,0.0,0.0,0.0,0.0
26136,Bam Martin-Scott,CAR,7,0.0,0.0,0.0,0.0,0.0,0.0,0.0
26446,Corey Thornton,CAR,7,0.0,0.0,0.0,0.0,0.0,0.0,0.0
15694,Case Keenum,CHI,7,0.0,0.0,0.0,0.0,0.0,0.0,0.0
16301,Cairo Santos,CHI,7,0.0,0.0,0.0,0.0,0.0,0.0,0.0
17059,Grady Jarrett,CHI,7,0.0,0.0,0.0,0.0,0.0,0.0,0.0
18008,Joe Thuney,CHI,7,0.0,0.0,0.0,0.0,0.0,0.0,0.0
19826,Scott Daly,CHI,7,0.0,0.0,0.0,0.0,0.0,0.0,0.0
19943,Durham Smythe,CHI,7,0.0,0.0,0.0,0.0,0.0,0.0,0.0
20219,Jonathan Owens,CHI,7,0.0,0.0,0.0,0.0,0.0,0.0,0.0
20810,Travis Homer,CHI,7,0.0,0.0,0.0,0.0,0.0,0.0,0.0
21027,Ryan Bates,CHI,7,0.0,0.0,0.0,0.0,0.0,0.0,0.0
21721,Devin Duvernay,CHI,7,0.0,0.0,0.0,0.0,0.0,0.0,0.0
21944,Jonah Jackson,CHI,7,0.0,0.0,0.0,0.0,0.0,0.0,0.0
22754,Drew Dalman,CHI,7,0.0,0.0,0.0,0.0,0.0,0.0,0.0
22983,Nick McCloud,CHI,7,0.0,0.0,0.0,0.0,0.0,0.0,0.0
23412,Braxton Jones,CHI,7,0.0,0.0,0.0,0.0,0.0,0.0,0.0
23518,Jonathan Ford,CHI,7,0.0,0.0,0.0,0.0,0.0,0.0,0.0
23625,Daniel Hardy,CHI,7,0.0,0.0,0.0,0.0,0.0,0.0,0.0
23633,Elijah Hicks,CHI,7,0.0,0.0,0.0,0.0,0.0,0.0,0.0
23656,Josh Blackwell,CHI,7,0.0,0.0,0.0,0.0,0.0,0.0,0.0
23665,Jaylon Jones,CHI,7,0.0,0.0,0.0,0.0,0.0,0.0,0.0
24131,Noah Sewell,CHI,7,0.0,0.0,0.0,0.0,0.0,0.0,0.0
24165,Darnell Wright,CHI,7,0.0,0.0,0.0,0.0,0.0,0.0,0.0
24168,Tyson Bagent,CHI,7,0.0,0.0,0.0,0.0,0.0,0.0,0.0
25110,Tory Taylor,CHI,7,0.0,0.0,0.0,0.0,0.0,0.0,0.0
25361,Theo Benedet,CHI,7,0.0,0.0,0.0,0.0,0.0,0.0,0.0
25487,Carl Jones,CHI,7,0.0,0.0,0.0,0.0,0.0,0.0,0.0
26215,Shemar Turner,CHI,7,0.0,0.0,0.0,0.0,0.0,0.0,0.0
26247,Ozzy Trapilo,CHI,7,0.0,0.0,0.0,0.0,0.0,0.0,0.0
26325,Luke Newman,CHI,7,0.0,0.0,0.0,0.0,0.0,0.0,0.0
26329,Ruben Hyppolite II,CHI,7,0.0,0.0,0.0,0.0,0.0,0.0,0.0
26476,Jahdae Walker,CHI,7,0.0,0.0,0.0,0.0,0.0,0.0,0.0
16125,Joel Bitonio,CLE,7,0.0,0.0,0.0,0.0,0.0,0.0,0.0
16458,Cornelius Lucas,CLE,7,0.0,0.0,0.0,0.0,0.0,0.0,0.0
17936,Jack Conklin,CLE,7,0.0,0.0,0.0,0.0,0.0,0.0,0.0
18876,David Njoku,CLE,7,0.0,0.0,0.0,0.0,0.0,0.0,0.0
18910,Cam Robinson,CLE,7,0.0,0.0,0.0,0.0,0.0,0.0,0.0
18969,Ethan Pocic,CLE,7,0.0,0.0,0.0,0.0,0.0,0.0,0.0
19034,Damontae Kazee,CLE,7,0.0,0.0,0.0,0.0,0.0,0.0,0.0
19962,Wyatt Teller,CLE,7,0.0,0.0,0.0,0.0,0.0,0.0,0.0
20512,Corey Bojorquez,CLE,7,0.0,0.0,0.0,0.0,0.0,0.0,0.0
22472,Rex Sunahara,CLE,7,0.0,0.0,0.0,0.0,0.0,0.0,0.0
22775,Joe Tryon-Shoyinka,CLE,7,0.0,0.0,0.0,0.0,0.0,0.0,0.0
22860,Teven Jenkins,CLE,7,0.0,0.0,0.0,0.0,0.0,0.0,0.0
24216,Luke Wypler,CLE,7,0.0,0.0,0.0,0.0,0.0,0.0,0.0
24485,Jarrick Bernard-Converse,CLE,7,0.0,0.0,0.0,0.0,0.0,0.0,0.0
24518,Mohamoud Diabate,CLE,7,0.0,0.0,0.0,0.0,0.0,0.0,0.0
24975,Mike Hall Jr.,CLE,7,0.0,0.0,0.0,0.0,0.0,0.0,0.0
25241,Zak Zinter,CLE,7,0.0,0.0,0.0,0.0,0.0,0.0,0.0
25269,KT Leveston,CLE,7,0.0,0.0,0.0,0.0,0.0,0.0,0.0
26034,Isaiah Bond,CLE,7,0.0,0.0,0.0,0.0,0.0,0.0,0.0
26079,Shedeur Sanders,CLE,7,0.0,0.0,0.0,0.0,0.0,0.0,0.0
26080,Raheim Sanders,CLE,7,0.0,0.0,0.0,0.0,0.0,0.0,0.0
26422,Gage Larvadain,CLE,7,0.0,0.0,0.0,0.0,0.0,0.0,0.0
15917,James Winchester,KC,7,0.0,0.0,0.0,0.0,0.0,0.0,0.0
19491,Robert Tonyan,KC,7,0.0,0.0,0.0,0.0,0.0,0.0,0.0
20960,Jawaan Taylor,KC,7,0.0,0.0,0.0,0.0,0.0,0.0,0.0
22084,Kristian Fulton,KC,7,0.0,0.0,0.0,0.0,0.0,0.0,0.0
22535,Elijah Mitchell,KC,7,0.0,0.0,0.0,0.0,0.0,0.0,0.0
22797,Trey Smith,KC,7,0.0,0.0,0.0,0.0,0.0,0.0,0.0
22833,Malik Herring,KC,7,0.0,0.0,0.0,0.0,0.0,0.0,0.0
22845,Creed Humphrey,KC,7,0.0,0.0,0.0,0.0,0.0,0.0,0.0
22884,Jaylon Moore,KC,7,0.0,0.0,0.0,0.0,0.0,0.0,0.0
23281,Matt Araiza,KC,7,0.0,0.0,0.0,0.0,0.0,0.0,0.0
23426,Joshua Williams,KC,7,0.0,0.0,0.0,0.0,0.0,0.0,0.0
23687,Jack Cochrane,KC,7,0.0,0.0,0.0,0.0,0.0,0.0,0.0
23926,Mike Caliendo,KC,7,0.0,0.0,0.0,0.0,0.0,0.0,0.0
24160,Wanya Morris,KC,7,0.0,0.0,0.0,0.0,0.0,0.0,0.0
24343,Nikko Remigio,KC,7,0.0,0.0,0.0,0.0,0.0,0.0,0.0
24937,Kingsley Suamataia,KC,7,0.0,0.0,0.0,0.0,0.0,0.0,0.0
25112,Jared Wiley,KC,7,0.0,0.0,0.0,0.0,0.0,0.0,0.0
25282,Hunter Nourzad,KC,7,0.0,0.0,0.0,0.0,0.0,0.0,0.0
25911,Jalen Royals,KC,7,0.0,0.0,0.0,0.0,0.0,0.0,0.0
26012,Josh Simmons,KC,7,0.0,0.0,0.0,0.0,0.0,0.0,0.0
26069,Jeffrey Bassa,KC,7,0.0,0.0,0.0,0.0,0.0,0.0,0.0
26076,Omarr Norman-Lott,KC,7,0.0,0.0,0.0,0.0,0.0,0.0,0.0
19275,Adam Butler,LV,7,0.0,0.0,0.0,0.0,0.0,0.0,0.0
19908,Alex Cappa,LV,7,0.0,0.0,0.0,0.0,0.0,0.0,0.0
19910,Ian Thomas,LV,7,0.0,0.0,0.0,0.0,0.0,0.0,0.0
19989,Daniel Carlson,LV,7,0.0,0.0,0.0,0.0,0.0,0.0,0.0
20876,Jakobi Meyers,LV,7,0.0,0.0,0.0,0.0,0.0,0.0,0.0
21294,Alex Bachman,LV,7,0.0,0.0,0.0,0.0,0.0,0.0,0.0
21364,Jacob Bobenmoyer,LV,7,0.0,0.0,0.0,0.0,0.0,0.0,0.0
21516,AJ Cole,LV,7,0.0,0.0,0.0,0.0,0.0,0.0,0.0
22539,Zamir White,LV,7,0.0,0.0,0.0,0.0,0.0,0.0,0.0
22816,Stone Forsythe,LV,7,0.0,0.0,0.0,0.0,0.0,0.0,0.0
22956,Jon Rhattigan,LV,7,0.0,0.0,0.0,0.0,0.0,0.0,0.0
22993,Jordan Meredith,LV,7,0.0,0.0,0.0,0.0,0.0,0.0,0.0
23397,Dylan Parham,LV,7,0.0,0.0,0.0,0.0,0.0,0.0,0.0
24210,Kyu Blu Kelly,LV,7,0.0,0.0,0.0,0.0,0.0,0.0,0.0
24221,Justin Shorter,LV,7,0.0,0.0,0.0,0.0,0.0,0.0,0.0
24438,Chris Smith II,LV,7,0.0,0.0,0.0,0.0,0.0,0.0,0.0
24749,Shedrick Jackson,LV,7,0.0,0.0,0.0,0.0,0.0,0.0,0.0
24943,Brock Bowers,LV,7,0.0,0.0,0.0,0.0,0.0,0.0,0.0
24951,Jackson Powers-Johnson,LV,7,0.0,0.0,0.0,0.0,0.0,0.0,0.0
25151,Decamerion Richardson,LV,7,0.0,0.0,0.0,0.0,0.0,0.0,0.0
25253,Tommy Eichenberg,LV,7,0.0,0.0,0.0,0.0,0.0,0.0,0.0
25257,DJ Glaze,LV,7,0.0,0.0,0.0,0.0,0.0,0.0,0.0
25499,Will Putnam,LV,7,0.0,0.0,0.0,0.0,0.0,0.0,0.0
26078,Darien Porter,LV,7,0.0,0.0,0.0,0.0,0.0,0.0,0.0
26102,Dont'e Thornton Jr.,LV,7,0.0,0.0,0.0,0.0,0.0,0.0,0.0
26138,Cody Lindenberg,LV,7,0.0,0.0,0.0,0.0,0.0,0.0,0.0
26141,Tonka Hemingway,LV,7,0.0,0.0,0.0,0.0,0.0,0.0,0.0
26201,JJ Pegues,LV,7,0.0,0.0,0.0,0.0,0.0,0.0,0.0
26212,Caleb Rogers,LV,7,0.0,0.0,0.0,0.0,0.0,0.0,0.0
26214,Charles Grant,LV,7,0.0,0.0,0.0,0.0,0.0,0.0,0.0
16926,Joe Cardona,MIA,7,0.0,0.0,0.0,0.0,0.0,0.0,0.0
16964,Darren Waller,MIA,7,0.0,0.0,0.0,0.0,0.0,0.0,0.0
17490,Kendall Lamm,MIA,7,0.0,0.0,0.0,0.0,0.0,0.0,0.0
18064,Matthew Judon,MIA,7,0.0,0.0,0.0,0.0,0.0,0.0,0.0
19139,Daniel Brunskill,MIA,7,0.0,0.0,0.0,0.0,0.0,0.0,0.0
20013,Cedrick Wilson Jr.,MIA,7,0.0,0.0,0.0,0.0,0.0,0.0,0.0
20271,Elijah Campbell,MIA,7,0.0,0.0,0.0,0.0,0.0,0.0,0.0
20819,Alec Ingold,MIA,7,0.0,0.0,0.0,0.0,0.0,0.0,0.0
20938,Kendall Sheffield,MIA,7,0.0,0.0,0.0,0.0,0.0,0.0,0.0
21017,Jake Bailey,MIA,7,0.0,0.0,0.0,0.0,0.0,0.0,0.0
21136,Quinton Bell,MIA,7,0.0,0.0,0.0,0.0,0.0,0.0,0.0
21984,Willie Gay Jr.,MIA,7,0.0,0.0,0.0,0.0,0.0,0.0,0.0
22419,Aaron Brewer,MIA,7,0.0,0.0,0.0,0.0,0.0,0.0,0.0
22495,Zach Wilson,MIA,7,0.0,0.0,0.0,0.0,0.0,0.0,0.0
22716,Larry Borom,MIA,7,0.0,0.0,0.0,0.0,0.0,0.0,0.0
22720,K.J. Britt,MIA,7,0.0,0.0,0.0,0.0,0.0,0.0,0.0
22972,Kion Smith,MIA,7,0.0,0.0,0.0,0.0,0.0,0.0,0.0
23407,Cole Strange,MIA,7,0.0,0.0,0.0,0.0,0.0,0.0,0.0
23619,Cameron Goode,MIA,7,0.0,0.0,0.0,0.0,0.0,0.0,0.0
24242,JuJu Brents,MIA,7,0.0,0.0,0.0,0.0,0.0,0.0,0.0
24923,Jaylen Wright,MIA,7,0.0,0.0,0.0,0.0,0.0,0.0,0.0
24995,Patrick Paul,MIA,7,0.0,0.0,0.0,0.0,0.0,0.0,0.0
25199,Tahj Washington,MIA,7,0.0,0.0,0.0,0.0,0.0,0.0,0.0
25382,Storm Duck,MIA,7,0.0,0.0,0.0,0.0,0.0,0.0,0.0
25531,Jordan Colbert,MIA,7,0.0,0.0,0.0,0.0,0.0,0.0,0.0
26004,Jonah Savaiinaea,MIA,7,0.0,0.0,0.0,0.0,0.0,0.0,0.0
26140,Dante Trader Jr.,MIA,7,0.0,0.0,0.0,0.0,0.0,0.0,0.0
26169,Zeek Biggers,MIA,7,0.0,0.0,0.0,0.0,0.0,0.0,0.0
15646,Andrew DePaola,MIN,7,0.0,0.0,0.0,0.0,0.0,0.0,0.0
19883,Brian O'Neill,MIN,7,0.0,0.0,0.0,0.0,0.0,0.0,0.0
20217,Tavierre Thomas,MIN,7,0.0,0.0,0.0,0.0,0.0,0.0,0.0
20971,Andrew Van Ginkel,MIN,7,0.0,0.0,0.0,0.0,0.0,0.0,0.0
21119,Justin Skule,MIN,7,0.0,0.0,0.0,0.0,0.0,0.0,0.0
22136,Blake Brandel,MIN,7,0.0,0.0,0.0,0.0,0.0,0.0,0.0
22757,Christian Darrisaw,MIN,7,0.0,0.0,0.0,0.0,0.0,0.0,0.0
22817,Will Fries,MIN,7,0.0,0.0,0.0,0.0,0.0,0.0,0.0
23671,Ryan Wright,MIN,7,0.0,0.0,0.0,0.0,0.0,0.0,0.0
24232,Jay Ward,MIN,7,0.0,0.0,0.0,0.0,0.0,0.0,0.0
24956,J.J. McCarthy,MIN,7,0.0,0.0,0.0,0.0,0.0,0.0,0.0
25168,Dwight McGlothern,MIN,7,0.0,0.0,0.0,0.0,0.0,0.0,0.0
25292,Walter Rouse,MIN,7,0.0,0.0,0.0,0.0,0.0,0.0,0.0
25347,Michael Jurgens,MIN,7,0.0,0.0,0.0,0.0,0.0,0.0,0.0
25433,Bo Richter,MIN,7,0.0,0.0,0.0,0.0,0.0,0.0,0.0
25924,Tai Felton,MIN,7,0.0,0.0,0.0,0.0,0.0,0.0,0.0
26003,Donovan Jackson,MIN,7,0.0,0.0,0.0,0.0,0.0,0.0,0.0
26043,Kobe King,MIN,7,0.0,0.0,0.0,0.0,0.0,0.0,0.0
26051,Tyrion Ingram-Dawkins,MIN,7,0.0,0.0,0.0,0.0,0.0,0.0,0.0
26083,Max Brosmer,MIN,7,0.0,0.0,0.0,0.0,0.0,0.0,0.0
26184,Tyler Batty,MIN,7,0.0,0.0,0.0,0.0,0.0,0.0,0.0
26237,Joe Huber,MIN,7,0.0,0.0,0.0,0.0,0.0,0.0,0.0
26274,Ben Yurosek,MIN,7,0.0,0.0,0.0,0.0,0.0,0.0,0.0
26305,Austin Keys,MIN,7,0.0,0.0,0.0,0.0,0.0,0.0,0.0
26311,Chaz Chambliss,MIN,7,0.0,0.0,0.0,0.0,0.0,0.0,0.0
26430,Myles Price,MIN,7,0.0,0.0,0.0,0.0,0.0,0.0,0.0
16419,Morgan Moses,NE,7,0.0,0.0,0.0,0.0,0.0,0.0,0.0
21038,Garrett Bradbury,NE,7,0.0,0.0,0.0,0.0,0.0,0.0,0.0
21898,Anfernee Jennings,NE,7,0.0,0.0,0.0,0.0,0.0,0.0,0.0
22038,Mike Onwenu,NE,7,0.0,0.0,0.0,0.0,0.0,0.0,0.0
22709,Christian Barmore,NE,7,0.0,0.0,0.0,0.0,0.0,0.0,0.0
23492,Ben Brown,NE,7,0.0,0.0,0.0,0.0,0.0,0.0,0.0
23503,Vederian Lowe,NE,7,0.0,0.0,0.0,0.0,0.0,0.0,0.0
23939,Brenden Schooler,NE,7,0.0,0.0,0.0,0.0,0.0,0.0,0.0
24182,Alex Austin,NE,7,0.0,0.0,0.0,0.0,0.0,0.0,0.0
24392,Bryce Baringer,NE,7,0.0,0.0,0.0,0.0,0.0,0.0,0.0
24625,Tommy DeVito,NE,7,0.0,0.0,0.0,0.0,0.0,0.0,0.0
25123,Jack Westover,NE,7,0.0,0.0,0.0,0.0,0.0,0.0,0.0
25242,Caedan Wallace,NE,7,0.0,0.0,0.0,0.0,0.0,0.0,0.0
25582,Dell Pettus,NE,7,0.0,0.0,0.0,0.0,0.0,0.0,0.0
25631,Miles Battle,NE,7,0.0,0.0,0.0,0.0,0.0,0.0,0.0
25673,Charles Woods,NE,7,0.0,0.0,0.0,0.0,0.0,0.0,0.0
25912,Kyle Williams,NE,7,0.0,0.0,0.0,0.0,0.0,0.0,0.0
25932,Efton Chism III,NE,7,0.0,0.0,0.0,0.0,0.0,0.0,0.0
26006,Will Campbell,NE,7,0.0,0.0,0.0,0.0,0.0,0.0,0.0
26037,Jared Wilson,NE,7,0.0,0.0,0.0,0.0,0.0,0.0,0.0
26187,Eric Gregory,NE,7,0.0,0.0,0.0,0.0,0.0,0.0,0.0
26330,Marcus Bryant,NE,7,0.0,0.0,0.0,0.0,0.0,0.0,0.0
26334,Julian Ashby,NE,7,0.0,0.0,0.0,0.0,0.0,0.0,0.0
18704,Zach Wood,NO,7,0.0,0.0,0.0,0.0,0.0,0.0,0.0
19560,Michael Davis,NO,7,0.0,0.0,0.0,0.0,0.0,0.0,0.0
19901,Isaac Yiadom,NO,7,0.0,0.0,0.0,0.0,0.0,0.0,0.0
20869,Erik McCoy,NO,7,0.0,0.0,0.0,0.0,0.0,0.0,0.0
20884,Foster Moreau,NO,7,0.0,0.0,0.0,0.0,0.0,0.0,0.0
21111,Ugo Amadi,NO,7,0.0,0.0,0.0,0.0,0.0,0.0,0.0
22036,Cesar Ruiz,NO,7,0.0,0.0,0.0,0.0,0.0,0.0,0.0
22332,Jonah Williams,NO,7,0.0,0.0,0.0,0.0,0.0,0.0,0.0
22661,Jack Stoll,NO,7,0.0,0.0,0.0,0.0,0.0,0.0,0.0
22857,Dillon Radunz,NO,7,0.0,0.0,0.0,0.0,0.0,0.0,0.0
23187,Tyler Shough,NO,7,0.0,0.0,0.0,0.0,0.0,0.0,0.0
23348,Nephi Sewell,NO,7,0.0,0.0,0.0,0.0,0.0,0.0,0.0
23372,Trevor Penning,NO,7,0.0,0.0,0.0,0.0,0.0,0.0,0.0
23454,Luke Fortner,NO,7,0.0,0.0,0.0,0.0,0.0,0.0,0.0
24167,Asim Richards,NO,7,0.0,0.0,0.0,0.0,0.0,0.0,0.0
24244,Rejzohn Wright,NO,7,0.0,0.0,0.0,0.0,0.0,0.0,0.0
24413,Jordan Howden,NO,7,0.0,0.0,0.0,0.0,0.0,0.0,0.0
25011,Taliese Fuaga,NO,7,0.0,0.0,0.0,0.0,0.0,0.0,0.0
25198,Devaughn Vele,NO,7,0.0,0.0,0.0,0.0,0.0,0.0,0.0
25252,Jaylan Ford,NO,7,0.0,0.0,0.0,0.0,0.0,0.0,0.0
25409,Mason Tipton,NO,7,0.0,0.0,0.0,0.0,0.0,0.0,0.0
25470,Isaiah Stalbird,NO,7,0.0,0.0,0.0,0.0,0.0,0.0,0.0
26007,Kelvin Banks Jr.,NO,7,0.0,0.0,0.0,0.0,0.0,0.0,0.0
26226,Xavier Truss,NO,7,0.0,0.0,0.0,0.0,0.0,0.0,0.0
26229,Torricelli Simpkins III,NO,7,0.0,0.0,0.0,0.0,0.0,0.0,0.0
26692,Kai Kroeger,NO,7,0.0,0.0,0.0,0.0,0.0,0.0,0.0
19178,Thomas Hennessy,NYJ,7,0.0,0.0,0.0,0.0,0.0,0.0,0.0
19906,Chukwuma Okorafor,NYJ,7,0.0,0.0,0.0,0.0,0.0,0.0,0.0
21227,Andrew Beck,NYJ,7,0.0,0.0,0.0,0.0,0.0,0.0,0.0
22031,John Simpson,NYJ,7,0.0,0.0,0.0,0.0,0.0,0.0,0.0
22521,Jeremy Ruckert,NYJ,7,0.0,0.0,0.0,0.0,0.0,0.0,0.0
22563,Khalil Herbert,NYJ,7,0.0,0.0,0.0,0.0,0.0,0.0,0.0
22676,Kene Nwangwu,NYJ,7,0.0,0.0,0.0,0.0,0.0,0.0,0.0
22735,Michael Carter II,NYJ,7,0.0,0.0,0.0,0.0,0.0,0.0,0.0
22774,Jay Tufele,NYJ,7,0.0,0.0,0.0,0.0,0.0,0.0,0.0
22880,Josh Myers,NYJ,7,0.0,0.0,0.0,0.0,0.0,0.0,0.0
23122,Garrett Wilson,NYJ,7,0.0,0.0,0.0,0.0,0.0,0.0,0.0
23399,Max Mitchell,NYJ,7,0.0,0.0,0.0,0.0,0.0,0.0,0.0
23490,Jelani Woods,NYJ,7,0.0,0.0,0.0,0.0,0.0,0.0,0.0
23644,Stone Smartt,NYJ,7,0.0,0.0,0.0,0.0,0.0,0.0,0.0
23960,Tony Adams,NYJ,7,0.0,0.0,0.0,0.0,0.0,0.0,0.0
24006,Xavier Newman,NYJ,7,0.0,0.0,0.0,0.0,0.0,0.0,0.0
24196,Joe Tippmann,NYJ,7,0.0,0.0,0.0,0.0,0.0,0.0,0.0
24259,Cam Jones,NYJ,7,0.0,0.0,0.0,0.0,0.0,0.0,0.0
25009,Olumuyiwa Fashanu,NYJ,7,0.0,0.0,0.0,0.0,0.0,0.0,0.0
25205,Isaiah Williams,NYJ,7,0.0,0.0,0.0,0.0,0.0,0.0,0.0
25334,Qwan'tez Stiggers,NYJ,7,0.0,0.0,0.0,0.0,0.0,0.0,0.0
25397,Austin McNamara,NYJ,7,0.0,0.0,0.0,0.0,0.0,0.0,0.0
25680,Jackson Sirmon,NYJ,7,0.0,0.0,0.0,0.0,0.0,0.0,0.0
26008,Armand Membou,NYJ,7,0.0,0.0,0.0,0.0,0.0,0.0,0.0
26057,Arian Smith,NYJ,7,0.0,0.0,0.0,0.0,0.0,0.0,0.0
26225,Tyler Baron,NYJ,7,0.0,0.0,0.0,0.0,0.0,0.0,0.0
26257,Korie Black,NYJ,7,0.0,0.0,0.0,0.0,0.0,0.0,0.0
26262,Esa Pole,NYJ,7,0.0,0.0,0.0,0.0,0.0,0.0,0.0
26350,Ja'Markis Weston,NYJ,7,0.0,0.0,0.0,0.0,0.0,0.0,0.0
14857,Lane Johnson,PHI,7,0.0,0.0,0.0,0.0,0.0,0.0,0.0
19994,Parry Nickerson,PHI,7,0.0,0.0,0.0,0.0,0.0,0.0,0.0
20042,Jordan Mailata,PHI,7,0.0,0.0,0.0,0.0,0.0,0.0,0.0
20043,Matt Pryor,PHI,7,0.0,0.0,0.0,0.0,0.0,0.0,0.0
20831,Fred Johnson,PHI,7,0.0,0.0,0.0,0.0,0.0,0.0,0.0
21133,Marcus Epps,PHI,7,0.0,0.0,0.0,0.0,0.0,0.0,0.0
21661,Brett Toth,PHI,7,0.0,0.0,0.0,0.0,0.0,0.0,0.0
21802,A.J. Dillon,PHI,7,0.0,0.0,0.0,0.0,0.0,0.0,0.0
22094,Braden Mann,PHI,7,0.0,0.0,0.0,0.0,0.0,0.0,0.0
22769,Landon Dickerson,PHI,7,0.0,0.0,0.0,0.0,0.0,0.0,0.0
22823,Kylen Granson,PHI,7,0.0,0.0,0.0,0.0,0.0,0.0,0.0
22870,Azeez Ojulari,PHI,7,0.0,0.0,0.0,0.0,0.0,0.0,0.0
23155,Jahan Dotson,PHI,7,0.0,0.0,0.0,0.0,0.0,0.0,0.0
23160,John Metchie III,PHI,7,0.0,0.0,0.0,0.0,0.0,0.0,0.0
23185,Sam Howell,PHI,7,0.0,0.0,0.0,0.0,0.0,0.0,0.0
23361,Cam Jurgens,PHI,7,0.0,0.0,0.0,0.0,0.0,0.0,0.0
23486,Grant Calcaterra,PHI,7,0.0,0.0,0.0,0.0,0.0,0.0,0.0
23565,Cal Adomitis,PHI,7,0.0,0.0,0.0,0.0,0.0,0.0,0.0
24124,Tanner McKee,PHI,7,0.0,0.0,0.0,0.0,0.0,0.0,0.0
24153,Tyler Steen,PHI,7,0.0,0.0,0.0,0.0,0.0,0.0,0.0
24230,Sydney Brown,PHI,7,0.0,0.0,0.0,0.0,0.0,0.0,0.0
24248,Byron Young,PHI,7,0.0,0.0,0.0,0.0,0.0,0.0,0.0
24421,Cameron Latu,PHI,7,0.0,0.0,0.0,0.0,0.0,0.0,0.0
24472,Xavier Gipson,PHI,7,0.0,0.0,0.0,0.0,0.0,0.0,0.0
24800,E.J. Jenkins,PHI,7,0.0,0.0,0.0,0.0,0.0,0.0,0.0
24932,Jeremiah Trotter Jr.,PHI,7,0.0,0.0,0.0,0.0,0.0,0.0,0.0
26030,Drew Kendall,PHI,7,0.0,0.0,0.0,0.0,0.0,0.0,0.0
26163,Smael Mondon Jr.,PHI,7,0.0,0.0,0.0,0.0,0.0,0.0,0.0
26168,Mac McWilliams,PHI,7,0.0,0.0,0.0,0.0,0.0,0.0,0.0
26222,Ty Robinson,PHI,7,0.0,0.0,0.0,0.0,0.0,0.0,0.0
11008,Morgan Cox,TEN,7,0.0,0.0,0.0,0.0,0.0,0.0,0.0
13882,Kevin Zeitler,TEN,7,0.0,0.0,0.0,0.0,0.0,0.0,0.0
14409,Johnny Hekker,TEN,7,0.0,0.0,0.0,0.0,0.0,0.0,0.0
18118,Brandon Allen,TEN,7,0.0,0.0,0.0,0.0,0.0,0.0,0.0
19128,Corey Levin,TEN,7,0.0,0.0,0.0,0.0,0.0,0.0,0.0
19802,Calvin Ridley,TEN,7,0.0,0.0,0.0,0.0,0.0,0.0,0.0
19896,Arden Key,TEN,7,0.0,0.0,0.0,0.0,0.0,0.0,0.0
20969,Olisaemeka Udoh,TEN,7,0.0,0.0,0.0,0.0,0.0,0.0,0.0
21217,Blake Hance,TEN,7,0.0,0.0,0.0,0.0,0.0,0.0,0.0
21997,Lloyd Cushenberry III,TEN,7,0.0,0.0,0.0,0.0,0.0,0.0,0.0
22415,Mason Kinsey,TEN,7,0.0,0.0,0.0,0.0,0.0,0.0,0.0
22886,Dan Moore Jr.,TEN,7,0.0,0.0,0.0,0.0,0.0,0.0,0.0
23489,Chig Okonkwo,TEN,7,0.0,0.0,0.0,0.0,0.0,0.0,0.0
23586,Julius Chestnut,TEN,7,0.0,0.0,0.0,0.0,0.0,0.0,0.0
23606,Samuel Womack III,TEN,7,0.0,0.0,0.0,0.0,0.0,0.0,0.0
24088,Ali Gaye,TEN,7,0.0,0.0,0.0,0.0,0.0,0.0,0.0
24128,Peter Skoronski,TEN,7,0.0,0.0,0.0,0.0,0.0,0.0,0.0
24385,Kendell Brooks,TEN,7,0.0,0.0,0.0,0.0,0.0,0.0,0.0
24926,James Williams Sr.,TEN,7,0.0,0.0,0.0,0.0,0.0,0.0,0.0
24962,JC Latham,TEN,7,0.0,0.0,0.0,0.0,0.0,0.0,0.0
25247,Curtis Jacobs,TEN,7,0.0,0.0,0.0,0.0,0.0,0.0,0.0
25647,David Martin-Robinson,TEN,7,0.0,0.0,0.0,0.0,0.0,0.0,0.0
25687,Bryce Oliver,TEN,7,0.0,0.0,0.0,0.0,0.0,0.0,0.0
25709,C.J. Ravenell,TEN,7,0.0,0.0,0.0,0.0,0.0,0.0,0.0
26172,Marcus Harris,TEN,7,0.0,0.0,0.0,0.0,0.0,0.0,0.0
26209,Brandon Crenshaw-Dickson,TEN,7,0.0,0.0,0.0,0.0,0.0,0.0,0.0
26233,Jackson Slater,TEN,7,0.0,0.0,0.0,0.0,0.0,0.0,0.0
26361,Dorian Mausi,TEN,7,0.0,0.0,0.0,0.0,0.0,0.0,0.0
18899,Garett Bolles,DEN,7,0.0,0.0,0.0,0.0,0.0,0.0,0.0
19833,Mike McGlinchey,DEN,7,0.0,0.0,0.0,0.0,0.0,0.0,0.0
20081,Trent Sherfield Sr.,DEN,7,0.0,0.0,0.0,0.0,0.0,0.0,0.0
20559,J.T. Gray,DEN,7,0.0,0.0,0.0,0.0,0.0,0.0,0.0
20954,Jarrett Stidham,DEN,7,0.0,0.0,0.0,0.0,0.0,0.0,0.0
21373,P.J. Locke,DEN,7,0.0,0.0,0.0,0.0,0.0,0.0,0.0
21386,Mitchell Fraboni,DEN,7,0.0,0.0,0.0,0.0,0.0,0.0,0.0
21786,Adam Trautman,DEN,7,0.0,0.0,0.0,0.0,0.0,0.0,0.0
22043,Calvin Throckmorton,DEN,7,0.0,0.0,0.0,0.0,0.0,0.0,0.0
22909,Quinn Meinerz,DEN,7,0.0,0.0,0.0,0.0,0.0,0.0,0.0
22948,Devon Key,DEN,7,0.0,0.0,0.0,0.0,0.0,0.0,0.0
23004,Adam Prentice,DEN,7,0.0,0.0,0.0,0.0,0.0,0.0,0.0
23511,Luke Wattenberg,DEN,7,0.0,0.0,0.0,0.0,0.0,0.0,0.0
23520,Jordan Jackson,DEN,7,0.0,0.0,0.0,0.0,0.0,0.0,0.0
24162,Alex Forsyth,DEN,7,0.0,0.0,0.0,0.0,0.0,0.0,0.0
24228,JL Skinner,DEN,7,0.0,0.0,0.0,0.0,0.0,0.0,0.0
24311,Jaleel McLaughlin,DEN,7,0.0,0.0,0.0,0.0,0.0,0.0,0.0
24551,Alex Palczewski,DEN,7,0.0,0.0,0.0,0.0,0.0,0.0,0.0
24970,Jonah Elliss,DEN,7,0.0,0.0,0.0,0.0,0.0,0.0,0.0
25215,Frank Crum,DEN,7,0.0,0.0,0.0,0.0,0.0,0.0,0.0
25229,Kris Abrams-Draine,DEN,7,0.0,0.0,0.0,0.0,0.0,0.0,0.0
26024,Jahdae Barron,DEN,7,0.0,0.0,0.0,0.0,0.0,0.0,0.0
26098,Jeremy Crawshaw,DEN,7,0.0,0.0,0.0,0.0,0.0,0.0,0.0
26126,Sai'vion Jones,DEN,7,0.0,0.0,0.0,0.0,0.0,0.0,0.0
26158,Karene Reid,DEN,7,0.0,0.0,0.0,0.0,0.0,0.0,0.0
17914,Laquon Treadwell,IND,7,0.0,0.0,0.0,0.0,0.0,0.0,0.0
18381,Luke Rhodes,IND,7,0.0,0.0,0.0,0.0,0.0,0.0,0.0
19187,Rigoberto Sanchez,IND,7,0.0,0.0,0.0,0.0,0.0,0.0,0.0
19831,Quenton Nelson,IND,7,0.0,0.0,0.0,0.0,0.0,0.0,0.0
19857,Braden Smith,IND,7,0.0,0.0,0.0,0.0,0.0,0.0,0.0
21349,Ashton Dulin,IND,7,0.0,0.0,0.0,0.0,0.0,0.0,0.0
22030,Danny Pinter,IND,7,0.0,0.0,0.0,0.0,0.0,0.0,0.0
22861,Buddy Johnson,IND,7,0.0,0.0,0.0,0.0,0.0,0.0,0.0
23143,Will Mallory,IND,7,0.0,0.0,0.0,0.0,0.0,0.0,0.0
23330,Luke Tenuta,IND,7,0.0,0.0,0.0,0.0,0.0,0.0,0.0
23341,Tyler Goodson,IND,7,0.0,0.0,0.0,0.0,0.0,0.0,0.0
23401,Bernhard Raimann,IND,7,0.0,0.0,0.0,0.0,0.0,0.0,0.0
23438,Chad Muma,IND,7,0.0,0.0,0.0,0.0,0.0,0.0,0.0
23603,Eric Johnson II,IND,7,0.0,0.0,0.0,0.0,0.0,0.0,0.0
23608,Drew Ogletree,IND,7,0.0,0.0,0.0,0.0,0.0,0.0,0.0
23660,Segun Olubi,IND,7,0.0,0.0,0.0,0.0,0.0,0.0,0.0
24145,Josh Downs,IND,7,0.0,0.0,0.0,0.0,0.0,0.0,0.0
24992,Riley Leonard,IND,7,0.0,0.0,0.0,0.0,0.0,0.0,0.0
25152,Tanor Bortolini,IND,7,0.0,0.0,0.0,0.0,0.0,0.0,0.0
25259,Matt Goncalves,IND,7,0.0,0.0,0.0,0.0,0.0,0.0,0.0
25546,Dalton Tucker,IND,7,0.0,0.0,0.0,0.0,0.0,0.0,0.0
25900,DJ Giddens,IND,7,0.0,0.0,0.0,0.0,0.0,0.0,0.0
26236,Jalen Travis,IND,7,0.0,0.0,0.0,0.0,0.0,0.0,0.0
26561,Trey Washington,IND,7,0.0,0.0,0.0,0.0,0.0,0.0,0.0
26652,Reuben Lowery III,IND,7,0.0,0.0,0.0,0.0,0.0,0.0,0.0
16985,Bobby Hart,LAC,7,0.0,0.0,0.0,0.0,0.0,0.0,0.0
17527,Rick Lovato,LAC,7,0.0,0.0,0.0,0.0,0.0,0.0,0.0
19912,Nyheim Hines,LAC,7,0.0,0.0,0.0,0.0,0.0,0.0,0.0
19950,Will Dissly,LAC,7,0.0,0.0,0.0,0.0,0.0,0.0,0.0
19977,JK Scott,LAC,7,0.0,0.0,0.0,0.0,0.0,0.0,0.0
19988,Tyler Conklin,LAC,7,0.0,0.0,0.0,0.0,0.0,0.0,0.0
20008,Bradley Bozeman,LAC,7,0.0,0.0,0.0,0.0,0.0,0.0,0.0
20825,Andre James,LAC,7,0.0,0.0,0.0,0.0,0.0,0.0,0.0
21110,Trey Pipkins III,LAC,7,0.0,0.0,0.0,0.0,0.0,0.0,0.0
21306,Del'Shawn Phillips,LAC,7,0.0,0.0,0.0,0.0,0.0,0.0,0.0
21994,Troy Dye,LAC,7,0.0,0.0,0.0,0.0,0.0,0.0,0.0
22009,Mekhi Becton,LAC,7,0.0,0.0,0.0,0.0,0.0,0.0,0.0
22493,Trey Lance,LAC,7,0.0,0.0,0.0,0.0,0.0,0.0,0.0
22887,Elijah Molden,LAC,7,0.0,0.0,0.0,0.0,0.0,0.0,0.0
22980,Foster Sarell,LAC,7,0.0,0.0,0.0,0.0,0.0,0.0,0.0
23400,Zion Johnson,LAC,7,0.0,0.0,0.0,0.0,0.0,0.0,0.0
23403,Jamaree Salyer,LAC,7,0.0,0.0,0.0,0.0,0.0,0.0,0.0
23455,Otito Ogbonnia,LAC,7,0.0,0.0,0.0,0.0,0.0,0.0,0.0
23496,Austin Deculus,LAC,7,0.0,0.0,0.0,0.0,0.0,0.0,0.0
23615,Ja'Sir Taylor,LAC,7,0.0,0.0,0.0,0.0,0.0,0.0,0.0
24021,Tucker Fisk,LAC,7,0.0,0.0,0.0,0.0,0.0,0.0,0.0
24121,Derius Davis,LAC,7,0.0,0.0,0.0,0.0,0.0,0.0,0.0
24457,Scott Matlock,LAC,7,0.0,0.0,0.0,0.0,0.0,0.0,0.0
24500,Kendall Williamson,LAC,7,0.0,0.0,0.0,0.0,0.0,0.0,0.0
24936,Joe Alt,LAC,7,0.0,0.0,0.0,0.0,0.0,0.0,0.0
25211,Justin Eboigbe,LAC,7,0.0,0.0,0.0,0.0,0.0,0.0,0.0
26059,Keandre Lambert-Smith,LAC,7,0.0,0.0,0.0,0.0,0.0,0.0,0.0
26146,Kyle Kennard,LAC,7,0.0,0.0,0.0,0.0,0.0,0.0,0.0
26355,Nikko Reed,LAC,7,0.0,0.0,0.0,0.0,0.0,0.0,0.0
26393,Marlowe Wax,LAC,7,0.0,0.0,0.0,0.0,0.0,0.0,0.0
14536,Russell Wilson,NYG,7,0.0,0.0,0.0,0.0,0.0,0.0,0.0
16365,Casey Kreiter,NYG,7,0.0,0.0,0.0,0.0,0.0,0.0,0.0
16762,Jameis Winston,NYG,7,0.0,0.0,0.0,0.0,0.0,0.0,0.0
17145,Neville Hewitt,NYG,7,0.0,0.0,0.0,0.0,0.0,0.0,0.0
17762,Chris Manhertz,NYG,7,0.0,0.0,0.0,0.0,0.0,0.0,0.0
19036,Jermaine Eluemunor,NYG,7,0.0,0.0,0.0,0.0,0.0,0.0,0.0
19690,Greg Van Roten,NYG,7,0.0,0.0,0.0,0.0,0.0,0.0,0.0
20379,Aaron Stinnie,NYG,7,0.0,0.0,0.0,0.0,0.0,0.0,0.0
20482,Austin Schlottmann,NYG,7,0.0,0.0,0.0,0.0,0.0,0.0,0.0
20816,Lil'Jordan Humphrey,NYG,7,0.0,0.0,0.0,0.0,0.0,0.0,0.0
20943,Darius Slayton,NYG,7,0.0,0.0,0.0,0.0,0.0,0.0,0.0
21279,Jamie Gillan,NYG,7,0.0,0.0,0.0,0.0,0.0,0.0,0.0
21354,Demetrius Flannigan-Fowles,NYG,7,0.0,0.0,0.0,0.0,0.0,0.0,0.0
21601,Gunner Olszewski,NYG,7,0.0,0.0,0.0,0.0,0.0,0.0,0.0
22025,Andrew Thomas,NYG,7,0.0,0.0,0.0,0.0,0.0,0.0,0.0
22040,Jon Runyan,NYG,7,0.0,0.0,0.0,0.0,0.0,0.0,0.0
22820,Chauncey Golston,NYG,7,0.0,0.0,0.0,0.0,0.0,0.0,0.0
22841,Jevón Holland,NYG,7,0.0,0.0,0.0,0.0,0.0,0.0,0.0
22843,James Hudson III,NYG,7,0.0,0.0,0.0,0.0,0.0,0.0,0.0
23265,Evan Neal,NYG,7,0.0,0.0,0.0,0.0,0.0,0.0,0.0
23514,D.J. Davidson,NYG,7,0.0,0.0,0.0,0.0,0.0,0.0,0.0
24125,Jalin Hyatt,NYG,7,0.0,0.0,0.0,0.0,0.0,0.0,0.0
24158,John Michael Schmitz Jr.,NYG,7,0.0,0.0,0.0,0.0,0.0,0.0,0.0
24481,Zaire Barnes,NYG,7,0.0,0.0,0.0,0.0,0.0,0.0,0.0
24498,Nic Jones,NYG,7,0.0,0.0,0.0,0.0,0.0,0.0,0.0
24514,Art Green,NYG,7,0.0,0.0,0.0,0.0,0.0,0.0,0.0
25220,Beau Brade,NYG,7,0.0,0.0,0.0,0.0,0.0,0.0,0.0
25702,Swayze Bozeman,NYG,7,0.0,0.0,0.0,0.0,0.0,0.0,0.0
26001,Marcus Mbow,NYG,7,0.0,0.0,0.0,0.0,0.0,0.0,0.0
26055,Thomas Fidone II,NYG,7,0.0,0.0,0.0,0.0,0.0,0.0,0.0
26091,Beaux Collins,NYG,7,0.0,0.0,0.0,0.0,0.0,0.0,0.0
13913,Kelvin Beachum,ARI,7,0.0,0.0,0.0,0.0,0.0,0.0,0.0
14042,Aaron Brewer,ARI,7,0.0,0.0,0.0,0.0,0.0,0.0,0.0
16438,Pat O'Donnell,ARI,7,0.0,0.0,0.0,0.0,0.0,0.0,0.0
19860,Will Hernandez,ARI,7,0.0,0.0,0.0,0.0,0.0,0.0,0.0
20554,Evan Brown,ARI,7,0.0,0.0,0.0,0.0,0.0,0.0,0.0
20761,Hjalte Froholdt,ARI,7,0.0,0.0,0.0,0.0,0.0,0.0,0.0
20889,Kyler Murray,ARI,7,0.0,0.0,0.0,0.0,0.0,0.0,0.0
20987,Jonah Williams,ARI,7,0.0,0.0,0.0,0.0,0.0,0.0,0.0
21593,D'Ernest Johnson,ARI,7,0.0,0.0,0.0,0.0,0.0,0.0,0.0
21798,Josiah Deguara,ARI,7,0.0,0.0,0.0,0.0,0.0,0.0,0.0
22645,Simi Fehoko,ARI,7,0.0,0.0,0.0,0.0,0.0,0.0,0.0
23182,Kedon Slovis,ARI,7,0.0,0.0,0.0,0.0,0.0,0.0,0.0
24130,Paris Johnson Jr.,ARI,7,0.0,0.0,0.0,0.0,0.0,0.0,0.0
24189,Kei'Trel Clark,ARI,7,0.0,0.0,0.0,0.0,0.0,0.0,0.0
24267,Owen Pappoe,ARI,7,0.0,0.0,0.0,0.0,0.0,0.0,0.0
24408,Jon Gaines II,ARI,7,0.0,0.0,0.0,0.0,0.0,0.0,0.0
24440,Dante Stills,ARI,7,0.0,0.0,0.0,0.0,0.0,0.0,0.0
24609,Emari Demercado,ARI,7,0.0,0.0,0.0,0.0,0.0,0.0,0.0
24780,Demontrey Jacobs,ARI,7,0.0,0.0,0.0,0.0,0.0,0.0,0.0
25017,Denzel Burke,ARI,7,0.0,0.0,0.0,0.0,0.0,0.0,0.0
25032,Xavier Weaver,ARI,7,0.0,0.0,0.0,0.0,0.0,0.0,0.0
25115,Isaiah Adams,ARI,7,0.0,0.0,0.0,0.0,0.0,0.0,0.0
25173,Elijah Jones,ARI,7,0.0,0.0,0.0,0.0,0.0,0.0,0.0
25272,Xavier Thomas,ARI,7,0.0,0.0,0.0,0.0,0.0,0.0,0.0
26074,Cody Simon,ARI,7,0.0,0.0,0.0,0.0,0.0,0.0,0.0
26165,Kitan Crawford,ARI,7,0.0,0.0,0.0,0.0,0.0,0.0,0.0
26202,Jordan Burch,ARI,7,0.0,0.0,0.0,0.0,0.0,0.0,0.0
26413,Josh Fryar,ARI,7,0.0,0.0,0.0,0.0,0.0,0.0,0.0
14017,Bryan Anger,DAL,7,0.0,0.0,0.0,0.0,0.0,0.0,0.0
17337,C.J. Goodwin,DAL,7,0.0,0.0,0.0,0.0,0.0,0.0,0.0
17947,Kenny Clark,DAL,7,0.0,0.0,0.0,0.0,0.0,0.0,0.0
20249,Trent Sieg,DAL,7,0.0,0.0,0.0,0.0,0.0,0.0,0.0
22015,Hakeem Adeniji,DAL,7,0.0,0.0,0.0,0.0,0.0,0.0,0.0
22041,Terence Steele,DAL,7,0.0,0.0,0.0,0.0,0.0,0.0,0.0
22051,Trevon Diggs,DAL,7,0.0,0.0,0.0,0.0,0.0,0.0,0.0
23327,Juanyeh Thomas,DAL,7,0.0,0.0,0.0,0.0,0.0,0.0,0.0
23353,Brock Hoffman,DAL,7,0.0,0.0,0.0,0.0,0.0,0.0,0.0
23442,Damone Clark,DAL,7,0.0,0.0,0.0,0.0,0.0,0.0,0.0
23507,Tyler Smith,DAL,7,0.0,0.0,0.0,0.0,0.0,0.0,0.0
23532,Sam Williams,DAL,7,0.0,0.0,0.0,0.0,0.0,0.0,0.0
23544,Jack Sanborn,DAL,7,0.0,0.0,0.0,0.0,0.0,0.0,0.0
23880,Malik Davis,DAL,7,0.0,0.0,0.0,0.0,0.0,0.0,0.0
24105,T.J. Bass,DAL,7,0.0,0.0,0.0,0.0,0.0,0.0,0.0
24288,Luke Schoonmaker,DAL,7,0.0,0.0,0.0,0.0,0.0,0.0,0.0
25004,Tyler Guyton,DAL,7,0.0,0.0,0.0,0.0,0.0,0.0,0.0
25025,Joe Milton III,DAL,7,0.0,0.0,0.0,0.0,0.0,0.0,0.0
25124,Ryan Flournoy,DAL,7,0.0,0.0,0.0,0.0,0.0,0.0,0.0
25134,Brevyn Spann-Ford,DAL,7,0.0,0.0,0.0,0.0,0.0,0.0,0.0
25179,Marshawn Kneeland,DAL,7,0.0,0.0,0.0,0.0,0.0,0.0,0.0
25191,Trevor Keegan,DAL,7,0.0,0.0,0.0,0.0,0.0,0.0,0.0
25213,Caelen Carson,DAL,7,0.0,0.0,0.0,0.0,0.0,0.0,0.0
25245,Marist Liufau,DAL,7,0.0,0.0,0.0,0.0,0.0,0.0,0.0
25289,Nate Thomas,DAL,7,0.0,0.0,0.0,0.0,0.0,0.0,0.0
25484,Reddy Steward,DAL,7,0.0,0.0,0.0,0.0,0.0,0.0,0.0
26009,Tyler Booker,DAL,7,0.0,0.0,0.0,0.0,0.0,0.0,0.0
26171,Ajani Cornelius,DAL,7,0.0,0.0,0.0,0.0,0.0,0.0,0.0
26200,Jay Toia,DAL,7,0.0,0.0,0.0,0.0,0.0,0.0,0.0
14996,Brandon McManus,GB,7,0.0,0.0,0.0,0.0,0.0,0.0,0.0
20828,Elgton Jenkins,GB,7,0.0,0.0,0.0,0.0,0.0,0.0,0.0
21484,Matt Orzech,GB,7,0.0,0.0,0.0,0.0,0.0,0.0,0.0
22708,Aaron Banks,GB,7,0.0,0.0,0.0,0.0,0.0,0.0,0.0
22926,Nick Niemann,GB,7,0.0,0.0,0.0,0.0,0.0,0.0,0.0
23021,Zayne Anderson,GB,7,0.0,0.0,0.0,0.0,0.0,0.0,0.0
23118,Malik Willis,GB,7,0.0,0.0,0.0,0.0,0.0,0.0,0.0
23192,Chris Brooks,GB,7,0.0,0.0,0.0,0.0,0.0,0.0,0.0
23218,Pierre Strong Jr.,GB,7,0.0,0.0,0.0,0.0,0.0,0.0,0.0
23319,Rasheed Walker,GB,7,0.0,0.0,0.0,0.0,0.0,0.0,0.0
23351,Sean Rhyan,GB,7,0.0,0.0,0.0,0.0,0.0,0.0,0.0
23376,Devonte Wyatt,GB,7,0.0,0.0,0.0,0.0,0.0,0.0,0.0
23405,Darian Kinnard,GB,7,0.0,0.0,0.0,0.0,0.0,0.0,0.0
23482,Bo Melton,GB,7,0.0,0.0,0.0,0.0,0.0,0.0,0.0
23509,Zach Tom,GB,7,0.0,0.0,0.0,0.0,0.0,0.0,0.0
23768,Daniel Whelan,GB,7,0.0,0.0,0.0,0.0,0.0,0.0,0.0
23776,Arron Mosby,GB,7,0.0,0.0,0.0,0.0,0.0,0.0,0.0
24150,Luke Musgrave,GB,7,0.0,0.0,0.0,0.0,0.0,0.0,0.0
24191,Lukas Van Ness,GB,7,0.0,0.0,0.0,0.0,0.0,0.0,0.0
24192,Carrington Valentine,GB,7,0.0,0.0,0.0,0.0,0.0,0.0,0.0
24362,Malik Heath,GB,7,0.0,0.0,0.0,0.0,0.0,0.0,0.0
24533,Ben Sims,GB,7,0.0,0.0,0.0,0.0,0.0,0.0,0.0
25018,Jordan Morgan,GB,7,0.0,0.0,0.0,0.0,0.0,0.0,0.0
25161,Kitan Oladapo,GB,7,0.0,0.0,0.0,0.0,0.0,0.0,0.0
25190,Kamal Hadden,GB,7,0.0,0.0,0.0,0.0,0.0,0.0,0.0
25281,Jacob Monk,GB,7,0.0,0.0,0.0,0.0,0.0,0.0,0.0
25383,Donovan Jennings,GB,7,0.0,0.0,0.0,0.0,0.0,0.0,0.0
26105,Savion Williams,GB,7,0.0,0.0,0.0,0.0,0.0,0.0,0.0
26123,Barryn Sorrell,GB,7,0.0,0.0,0.0,0.0,0.0,0.0,0.0
26175,Anthony Belton,GB,7,0.0,0.0,0.0,0.0,0.0,0.0,0.0
6489,Josh Johnson,WAS,7,0.0,0.0,0.0,0.0,0.0,0.0,0.0
15112,Tress Way,WAS,7,0.0,0.0,0.0,0.0,0.0,0.0,0.0
16051,Tyler Ott,WAS,7,0.0,0.0,0.0,0.0,0.0,0.0,0.0
16800,Eddie Goldman,WAS,7,0.0,0.0,0.0,0.0,0.0,0.0,0.0
17918,Laremy Tunsil,WAS,7,0.0,0.0,0.0,0.0,0.0,0.0,0.0
18177,Jonathan Jones,WAS,7,0.0,0.0,0.0,0.0,0.0,0.0,0.0
18599,George Fant,WAS,7,0.0,0.0,0.0,0.0,0.0,0.0,0.0
18658,Antonio Hamilton Sr.,WAS,7,0.0,0.0,0.0,0.0,0.0,0.0,0.0
19596,Andrew Wylie,WAS,7,0.0,0.0,0.0,0.0,0.0,0.0,0.0
19932,Dorance Armstrong,WAS,7,0.0,0.0,0.0,0.0,0.0,0.0,0.0
20065,Trent Scott,WAS,7,0.0,0.0,0.0,0.0,0.0,0.0,0.0
20873,Terry McLaurin,WAS,7,0.0,0.0,0.0,0.0,0.0,0.0,0.0
20932,Deebo Samuel Sr.,WAS,7,0.0,0.0,0.0,0.0,0.0,0.0,0.0
21129,Nick Allegretti,WAS,7,0.0,0.0,0.0,0.0,0.0,0.0,0.0
21995,Tyler Biadasz,WAS,7,0.0,0.0,0.0,0.0,0.0,0.0,0.0
22072,Noah Igbinoghene,WAS,7,0.0,0.0,0.0,0.0,0.0,0.0,0.0
22747,Sam Cosmi,WAS,7,0.0,0.0,0.0,0.0,0.0,0.0,0.0
23413,Chris Paul,WAS,7,0.0,0.0,0.0,0.0,0.0,0.0,0.0
23549,Percy Butler,WAS,7,0.0,0.0,0.0,0.0,0.0,0.0,0.0
24985,Ben Sinnott,WAS,7,0.0,0.0,0.0,0.0,0.0,0.0,0.0
24987,Luke McCaffrey,WAS,7,0.0,0.0,0.0,0.0,0.0,0.0,0.0
25159,Tyler Owens,WAS,7,0.0,0.0,0.0,0.0,0.0,0.0,0.0
25212,Brandon Coleman,WAS,7,0.0,0.0,0.0,0.0,0.0,0.0,0.0
25674,Colson Yankoff,WAS,7,0.0,0.0,0.0,0.0,0.0,0.0,0.0
26010,Josh Conerly Jr.,WAS,7,0.0,0.0,0.0,0.0,0.0,0.0,0.0
26156,Kain Medrano,WAS,7,0.0,0.0,0.0,0.0,0.0,0.0,0.0
26621,Ale Kaho,WAS,7,0.0,0.0,0.0,0.0,0.0,0.0,0.0
14252,Kirk Cousins,ATL,7,0.0,0.0,0.0,0.0,0.0,0.0,0.0
16531,Jake Matthews,ATL,7,0.0,0.0,0.0,0.0,0.0,0.0,0.0
16925,Bradley Pinion,ATL,7,0.0,0.0,0.0,0.0,0.0,0.0,0.0
19044,Jamal Agnew,ATL,7,0.0,0.0,0.0,0.0,0.0,0.0,0.0
19479,Elijah Wilkinson,ATL,7,0.0,0.0,0.0,0.0,0.0,0.0,0.0
19961,Ray-Ray McCloud III,ATL,7,0.0,0.0,0.0,0.0,0.0,0.0,0.0
20281,Mike Ford Jr,ATL,7,0.0,0.0,0.0,0.0,0.0,0.0,0.0
20664,Josh Woods,ATL,7,0.0,0.0,0.0,0.0,0.0,0.0,0.0
20679,KhaDarel Hodge,ATL,7,0.0,0.0,0.0,0.0,0.0,0.0,0.0
20857,Chris Lindstrom,ATL,7,0.0,0.0,0.0,0.0,0.0,0.0,0.0
20939,David Sills V,ATL,7,0.0,0.0,0.0,0.0,0.0,0.0,0.0
22119,Charlie Woerner,ATL,7,0.0,0.0,0.0,0.0,0.0,0.0,0.0
22155,Kyle Hinton,ATL,7,0.0,0.0,0.0,0.0,0.0,0.0,0.0
22232,LaCale London,ATL,7,0.0,0.0,0.0,0.0,0.0,0.0,0.0
22306,Liam McCullough,ATL,7,0.0,0.0,0.0,0.0,0.0,0.0,0.0
22498,Feleipe Franks,ATL,7,0.0,0.0,0.0,0.0,0.0,0.0,0.0
23020,Ryan Neuzil,ATL,7,0.0,0.0,0.0,0.0,0.0,0.0,0.0
23355,Teagan Quitoriano,ATL,7,0.0,0.0,0.0,0.0,0.0,0.0,0.0
24163,Matthew Bergeron,ATL,7,0.0,0.0,0.0,0.0,0.0,0.0,0.0
24227,DeMarcco Hellams,ATL,7,0.0,0.0,0.0,0.0,0.0,0.0,0.0
24235,Jovaughn Gwyn,ATL,7,0.0,0.0,0.0,0.0,0.0,0.0,0.0
24871,Natrone Brooks,ATL,7,0.0,0.0,0.0,0.0,0.0,0.0,0.0
25342,Michael Jerrell,ATL,7,0.0,0.0,0.0,0.0,0.0,0.0,0.0
25998,Jalon Walker,ATL,7,0.0,0.0,0.0,0.0,0.0,0.0,0.0
26118,Billy Bowman Jr.,ATL,7,0.0,0.0,0.0,0.0,0.0,0.0,0.0
26232,Jack Nelson,ATL,7,0.0,0.0,0.0,0.0,0.0,0.0,0.0
26289,Nathan Carter,ATL,7,0.0,0.0,0.0,0.0,0.0,0.0,0.0
9201,Thomas Morstead,SF,7,0.0,0.0,0.0,0.0,0.0,0.0,0.0
11120,Jon Weeks,SF,7,0.0,0.0,0.0,0.0,0.0,0.0,0.0
12308,Trent Williams,SF,7,0.0,0.0,0.0,0.0,0.0,0.0,0.0
18047,Demarcus Robinson,SF,7,0.0,0.0,0.0,0.0,0.0,0.0,0.0
18203,Jake Brendel,SF,7,0.0,0.0,0.0,0.0,0.0,0.0,0.0
19063,George Kittle,SF,7,0.0,0.0,0.0,0.0,0.0,0.0,0.0
19963,Siran Neal,SF,7,0.0,0.0,0.0,0.0,0.0,0.0,0.0
20684,Malik Turner,SF,7,0.0,0.0,0.0,0.0,0.0,0.0,0.0
20773,Kevin Givens,SF,7,0.0,0.0,0.0,0.0,0.0,0.0,0.0
21449,Luke Gifford,SF,7,0.0,0.0,0.0,0.0,0.0,0.0,0.0
21890,Trevis Gipson,SF,7,0.0,0.0,0.0,0.0,0.0,0.0,0.0
21896,Yetur Gross-Matos,SF,7,0.0,0.0,0.0,0.0,0.0,0.0,0.0
21951,Matt Hennessy,SF,7,0.0,0.0,0.0,0.0,0.0,0.0,0.0
22023,Colton McKivitz,SF,7,0.0,0.0,0.0,0.0,0.0,0.0,0.0
22444,Austen Pleasants,SF,7,0.0,0.0,0.0,0.0,0.0,0.0,0.0
23003,Curtis Robinson,SF,7,0.0,0.0,0.0,0.0,0.0,0.0,0.0
23241,Brock Purdy,SF,7,0.0,0.0,0.0,0.0,0.0,0.0,0.0
23402,Nick Zakelj,SF,7,0.0,0.0,0.0,0.0,0.0,0.0,0.0
23662,Jake Tonges,SF,7,0.0,0.0,0.0,0.0,0.0,0.0,0.0
24507,Adrian Martinez,SF,7,0.0,0.0,0.0,0.0,0.0,0.0,0.0
24982,Ricky Pearsall,SF,7,0.0,0.0,0.0,0.0,0.0,0.0,0.0
25019,Dominick Puni,SF,7,0.0,0.0,0.0,0.0,0.0,0.0,0.0
25063,Isaac Guerendo,SF,7,0.0,0.0,0.0,0.0,0.0,0.0,0.0
25903,Jordan James,SF,7,0.0,0.0,0.0,0.0,0.0,0.0,0.0
26047,Nick Martin,SF,7,0.0,0.0,0.0,0.0,0.0,0.0,0.0
26103,Jordan Watkins,SF,7,0.0,0.0,0.0,0.0,0.0,0.0,0.0
26130,CJ West,SF,7,0.0,0.0,0.0,0.0,0.0,0.0,0.0
26194,Upton Stout,SF,7,0.0,0.0,0.0,0.0,0.0,0.0,0.0
26322,Drew Moss,SF,7,0.0,0.0,0.0,0.0,0.0,0.0,0.0
17946,Taylor Decker,DET,7,0.0,0.0,0.0,0.0,0.0,0.0,0.0
18020,Graham Glasgow,DET,7,0.0,0.0,0.0,0.0,0.0,0.0,0.0
18065,Quinton Jefferson,DET,7,0.0,0.0,0.0,0.0,0.0,0.0,0.0
19087,Pat O'Connor,DET,7,0.0,0.0,0.0,0.0,0.0,0.0,0.0
19624,Dan Skipper,DET,7,0.0,0.0,0.0,0.0,0.0,0.0,0.0
19949,Avonte Maddox,DET,7,0.0,0.0,0.0,0.0,0.0,0.0,0.0
19951,Tre Flowers,DET,7,0.0,0.0,0.0,0.0,0.0,0.0,0.0
20053,Kyle Allen,DET,7,0.0,0.0,0.0,0.0,0.0,0.0,0.0
20361,Ross Dwelley,DET,7,0.0,0.0,0.0,0.0,0.0,0.0,0.0
21376,Jack Fox,DET,7,0.0,0.0,0.0,0.0,0.0,0.0,0.0
21564,Craig Reynolds,DET,7,0.0,0.0,0.0,0.0,0.0,0.0,0.0
22010,Trystan Colon,DET,7,0.0,0.0,0.0,0.0,0.0,0.0,0.0
22691,Penei Sewell,DET,7,0.0,0.0,0.0,0.0,0.0,0.0,0.0
22706,Kayode Awosika,DET,7,0.0,0.0,0.0,0.0,0.0,0.0,0.0
22785,Grant Stuard,DET,7,0.0,0.0,0.0,0.0,0.0,0.0,0.0
23234,Jameson Williams,DET,7,0.0,0.0,0.0,0.0,0.0,0.0,0.0
23359,Kerby Joseph,DET,7,0.0,0.0,0.0,0.0,0.0,0.0,0.0
24138,Jammie Robinson,DET,7,0.0,0.0,0.0,0.0,0.0,0.0,0.0
24274,Tyler Lacy,DET,7,0.0,0.0,0.0,0.0,0.0,0.0,0.0
24312,Jacob Saylors,DET,7,0.0,0.0,0.0,0.0,0.0,0.0,0.0
24782,Trevor Nowaske,DET,7,0.0,0.0,0.0,0.0,0.0,0.0,0.0
24925,Mekhi Wingo,DET,7,0.0,0.0,0.0,0.0,0.0,0.0,0.0
24930,Sione Vaki,DET,7,0.0,0.0,0.0,0.0,0.0,0.0,0.0
24940,Terrion Arnold,DET,7,0.0,0.0,0.0,0.0,0.0,0.0,0.0
25273,Christian Mahogany,DET,7,0.0,0.0,0.0,0.0,0.0,0.0,0.0
25306,Dominic Lovett,DET,7,0.0,0.0,0.0,0.0,0.0,0.0,0.0
25554,Hogan Hatten,DET,7,0.0,0.0,0.0,0.0,0.0,0.0,0.0
26011,Tate Ratledge,DET,7,0.0,0.0,0.0,0.0,0.0,0.0,0.0
26101,Isaac TeSlaa,DET,7,0.0,0.0,0.0,0.0,0.0,0.0,0.0
16597,Mike Evans,TB,7,0.0,0.0,0.0,0.0,0.0,0.0,0.0
18144,Riley Dixon,TB,7,0.0,0.0,0.0,0.0,0.0,0.0,0.0
18880,Chris Godwin,TB,7,0.0,0.0,0.0,0.0,0.0,0.0,0.0
18968,Dan Feeney,TB,7,0.0,0.0,0.0,0.0,0.0,0.0,0.0
20844,Mike Jordan,TB,7,0.0,0.0,0.0,0.0,0.0,0.0,0.0
21947,Charlie Heck,TB,7,0.0,0.0,0.0,0.0,0.0,0.0,0.0
21990,Ben Bredeson,TB,7,0.0,0.0,0.0,0.0,0.0,0.0,0.0
22033,Tristan Wirfs,TB,7,0.0,0.0,0.0,0.0,0.0,0.0,0.0
22079,Kindle Vildor,TB,7,0.0,0.0,0.0,0.0,0.0,0.0,0.0
23961,C.J. Brewer,TB,7,0.0,0.0,0.0,0.0,0.0,0.0,0.0
24151,Payne Durham,TB,7,0.0,0.0,0.0,0.0,0.0,0.0,0.0
24231,Kaevon Merriweather,TB,7,0.0,0.0,0.0,0.0,0.0,0.0,0.0
24480,Josh Hayes,TB,7,0.0,0.0,0.0,0.0,0.0,0.0,0.0
24649,Luke Haggard,TB,7,0.0,0.0,0.0,0.0,0.0,0.0,0.0
24655,Christian Izien,TB,7,0.0,0.0,0.0,0.0,0.0,0.0,0.0
24656,Evan Deckers,TB,7,0.0,0.0,0.0,0.0,0.0,0.0,0.0
24706,Owen Wright,TB,7,0.0,0.0,0.0,0.0,0.0,0.0,0.0
24864,Markees Watts,TB,7,0.0,0.0,0.0,0.0,0.0,0.0,0.0
24967,Bucky Irving,TB,7,0.0,0.0,0.0,0.0,0.0,0.0,0.0
25038,Graham Barton,TB,7,0.0,0.0,0.0,0.0,0.0,0.0,0.0
25144,Devin Culp,TB,7,0.0,0.0,0.0,0.0,0.0,0.0,0.0
25302,Josh Williams,TB,7,0.0,0.0,0.0,0.0,0.0,0.0,0.0
25343,Elijah Klein,TB,7,0.0,0.0,0.0,0.0,0.0,0.0,0.0
25642,Kameron Johnson,TB,7,0.0,0.0,0.0,0.0,0.0,0.0,0.0
26025,Benjamin Morrison,TB,7,0.0,0.0,0.0,0.0,0.0,0.0,0.0
26066,Sebastian Castro,TB,7,0.0,0.0,0.0,0.0,0.0,0.0,0.0
26185,Elijah Simmons,TB,7,0.0,0.0,0.0,0.0,0.0,0.0,0.0
26360,John Bullock,TB,7,0.0,0.0,0.0,0.0,0.0,0.0,0.0
26415,Benjamin Chukwuma,TB,7,0.0,0.0,0.0,0.0,0.0,0.0,0.0
16789,Laken Tomlinson,HOU,7,0.0,0.0,0.0,0.0,0.0,0.0,0.0
16796,Mario Edwards Jr.,HOU,7,0.0,0.0,0.0,0.0,0.0,0.0,0.0
17003,Trent Brown,HOU,7,0.0,0.0,0.0,0.0,0.0,0.0,0.0
18911,Derek Barnett,HOU,7,0.0,0.0,0.0,0.0,0.0,0.0,0.0
19626,Dare Ogunbowale,HOU,7,0.0,0.0,0.0,0.0,0.0,0.0,0.0
19815,Christian Kirk,HOU,7,0.0,0.0,0.0,0.0,0.0,0.0,0.0
20028,Tremon Smith,HOU,7,0.0,0.0,0.0,0.0,0.0,0.0,0.0
20813,Tytus Howard,HOU,7,0.0,0.0,0.0,0.0,0.0,0.0,0.0
21463,D'Angelo Ross,HOU,7,0.0,0.0,0.0,0.0,0.0,0.0,0.0
21783,Harrison Bryant,HOU,7,0.0,0.0,0.0,0.0,0.0,0.0,0.0
21882,Darrell Taylor,HOU,7,0.0,0.0,0.0,0.0,0.0,0.0,0.0
22300,Tommy Townsend,HOU,7,0.0,0.0,0.0,0.0,0.0,0.0,0.0
22505,Davis Mills,HOU,7,0.0,0.0,0.0,0.0,0.0,0.0,0.0
23223,Dameon Pierce,HOU,7,0.0,0.0,0.0,0.0,0.0,0.0,0.0
23344,Christian Harris,HOU,7,0.0,0.0,0.0,0.0,0.0,0.0,0.0
23398,Ed Ingram,HOU,7,0.0,0.0,0.0,0.0,0.0,0.0,0.0
23538,Jake Hansen,HOU,7,0.0,0.0,0.0,0.0,0.0,0.0,0.0
24136,Jarrett Patterson,HOU,7,0.0,0.0,0.0,0.0,0.0,0.0,0.0
24169,Jake Andrews,HOU,7,0.0,0.0,0.0,0.0,0.0,0.0,0.0
24437,Juice Scruggs,HOU,7,0.0,0.0,0.0,0.0,0.0,0.0,0.0
24972,Blake Fisher,HOU,7,0.0,0.0,0.0,0.0,0.0,0.0,0.0
25193,Jarrett Kingston,HOU,7,0.0,0.0,0.0,0.0,0.0,0.0,0.0
25337,Jamal Hill,HOU,7,0.0,0.0,0.0,0.0,0.0,0.0,0.0
25452,British Brooks,HOU,7,0.0,0.0,0.0,0.0,0.0,0.0,0.0
25486,Brenden Bates,HOU,7,0.0,0.0,0.0,0.0,0.0,0.0,0.0
26005,Aireontae Ersery,HOU,7,0.0,0.0,0.0,0.0,0.0,0.0,0.0
26063,Jaylen Reed,HOU,7,0.0,0.0,0.0,0.0,0.0,0.0,0.0
26086,Graham Mertz,HOU,7,0.0,0.0,0.0,0.0,0.0,0.0,0.0
26094,Jayden Higgins,HOU,7,0.0,0.0,0.0,0.0,0.0,0.0,0.0
26398,Austin Brinkman,HOU,7,0.0,0.0,0.0,0.0,0.0,0.0,0.0
18986,Shaquill Griffin,SEA,7,0.0,0.0,0.0,0.0,0.0,0.0,0.0
19035,Eric Saubert,SEA,7,0.0,0.0,0.0,0.0,0.0,0.0,0.0
19956,Michael Dickson,SEA,7,0.0,0.0,0.0,0.0,0.0,0.0,0.0
20859,Drew Lock,SEA,7,0.0,0.0,0.0,0.0,0.0,0.0,0.0
20864,Julian Love,SEA,7,0.0,0.0,0.0,0.0,0.0,0.0,0.0
22029,Josh Jones,SEA,7,0.0,0.0,0.0,0.0,0.0,0.0,0.0
22784,Chazz Surratt,SEA,7,0.0,0.0,0.0,0.0,0.0,0.0,0.0
23196,George Holani,SEA,7,0.0,0.0,0.0,0.0,0.0,0.0,0.0
23303,Charles Cross,SEA,7,0.0,0.0,0.0,0.0,0.0,0.0,0.0
23408,Abraham Lucas,SEA,7,0.0,0.0,0.0,0.0,0.0,0.0,0.0
23459,Derion Kendrick,SEA,7,0.0,0.0,0.0,0.0,0.0,0.0,0.0
23624,Dareke Young,SEA,7,0.0,0.0,0.0,0.0,0.0,0.0,0.0
23910,D'Anthony Bell,SEA,7,0.0,0.0,0.0,0.0,0.0,0.0,0.0
24157,Olu Oluwatimi,SEA,7,0.0,0.0,0.0,0.0,0.0,0.0,0.0
24184,Devon Witherspoon,SEA,7,0.0,0.0,0.0,0.0,0.0,0.0,0.0
24185,Anthony Bradford,SEA,7,0.0,0.0,0.0,0.0,0.0,0.0,0.0
24249,Derick Hall,SEA,7,0.0,0.0,0.0,0.0,0.0,0.0,0.0
24361,Mike Morris,SEA,7,0.0,0.0,0.0,0.0,0.0,0.0,0.0
24482,Jerrick Reed II,SEA,7,0.0,0.0,0.0,0.0,0.0,0.0,0.0
24647,Chris Stoll,SEA,7,0.0,0.0,0.0,0.0,0.0,0.0,0.0
24718,Brady Russell,SEA,7,0.0,0.0,0.0,0.0,0.0,0.0,0.0
24989,Tory Horton,SEA,7,0.0,0.0,0.0,0.0,0.0,0.0,0.0
25154,Nehemiah Pritchett,SEA,7,0.0,0.0,0.0,0.0,0.0,0.0,0.0
25246,Tyrice Knight,SEA,7,0.0,0.0,0.0,0.0,0.0,0.0,0.0
25291,Jalen Sundell,SEA,7,0.0,0.0,0.0,0.0,0.0,0.0,0.0
25882,Jalen Milroe,SEA,7,0.0,0.0,0.0,0.0,0.0,0.0,0.0
25999,Grey Zabel,SEA,7,0.0,0.0,0.0,0.0,0.0,0.0,0.0
26199,Jared Ivey,SEA,7,0.0,0.0,0.0,0.0,0.0,0.0,0.0
26261,Bryce Cabeldue,SEA,7,0.0,0.0,0.0,0.0,0.0,0.0,0.0
26275,Nick Kallerup,SEA,7,0.0,0.0,0.0,0.0,0.0,0.0,0.0
26331,Mason Richman,SEA,7,0.0,0.0,0.0,0.0,0.0,0.0,0.0
26409,Connor O'Toole,SEA,7,0.0,0.0,0.0,0.0,0.0,0.0,0.0
26221,Connor Colby,SF,7,0.0,0.0,-1.5,0.0,0.0,-1.5,-0.0
16497,Teddy Bridgewater,TB,7,0.0,-1.5,0.0,0.0,0.0,-1.5,-0.0
20038,Braxton Berrios,HOU,7,0.0,0.0,-1.5,0.0,0.0,-1.5,-0.0
16041,Jimmy Garoppolo,LAR,7,0.0,-4.6,0.0,0.0,0.0,-4.6,-0.0
20880,Gardner Minshew,KC,7,0.0,-4.6,0.0,0.0,0.0,-4.6,-0.0
21677,Tua Tagovailoa,MIA,7,153.6,14.2,0.0,0.0,0.0,167.79999999999998,0.0
22501,Kenny Pickett,LV,7,12.3,0.0,0.0,0.0,2.4,12.3,0.0
